date,year,pheno.period,pollinator,block,plot,acmi,anlu,assu,caly,cami,capl,clsi,copa,frca,gatr,glma,grass,juba,madi,oesa,plmc,plmr,poan,sili,trar,trma,trwo
10-Jun-17,2017,1,n,1,A,0,0,0,0,0,4,0,0,0,0,0,0,50,0,0,12,0,2,0,0,0,0
10-Jun-17,2017,1,n,1,B,0,0,0,0,0,9,0,0,0,0,0,0,40,0,0,7,0,0,0,0,0,0
10-Jun-17,2017,1,n,1,C,0,0,0,0,0,8,0,0,0,0,0,0,30,0,0,25,1,0,0,0,0,0
10-Jun-17,2017,1,n,1,D,0,0,0,0,2,0,0,0,0,0,0,0,30,0,0,5,0,1,0,0,0,0
10-Jun-17,2017,1,n,2,A,0,0,0,0,0,0,0,0,0,0,0,0,50,0,0,11,0,0,0,0,0,0
10-Jun-17,2017,1,n,2,B,0,0,0,0,0,0,0,0,0,0,0,0,30,0,0,0,2,0,0,0,0,0
10-Jun-17,2017,1,n,2,C,0,0,0,0,0,0,0,0,0,0,0,0,40,0,0,17,2,5,0,0,0,0
10-Jun-17,2017,1,n,2,D,0,0,0,0,0,0,0,0,0,0,0,0,30,0,0,9,0,0,0,0,0,0
10-Jun-17,2017,1,n,3,A,0,0,0,0,0,18,0,0,0,0,0,0,30,0,0,6,0,1,0,0,0,0
10-Jun-17,2017,1,n,3,B,0,0,0,0,0,14,0,0,0,0,0,0,30,0,0,6,0,0,0,0,0,0
10-Jun-17,2017,1,n,3,C,0,0,0,0,0,30,0,0,0,0,0,0,50,0,0,2,0,0,0,0,0,0
10-Jun-17,2017,1,n,3,D,0,0,0,0,0,15,0,0,0,0,0,0,30,0,0,12,1,0,0,0,0,0
10-Jun-17,2017,1,n,4,A,0,0,0,0,0,0,0,0,0,0,0,0,40,0,0,25,1,3,0,0,0,0
10-Jun-17,2017,1,n,4,B,0,0,0,0,0,3,0,0,0,0,0,0,40,0,0,19,1,9,0,0,0,0
10-Jun-17,2017,1,n,4,C,0,0,0,0,0,0,0,0,0,0,0,0,30,0,0,21,0,5,0,0,0,0
10-Jun-17,2017,1,n,4,D,0,0,0,0,0,0,0,0,0,0,0,0,30,0,0,22,2,7,0,0,0,0
10-Jun-17,2017,1,n,5,A,0,0,0,0,0,0,0,0,0,0,0,0,40,0,0,3,3,11,0,0,0,0
10-Jun-17,2017,1,n,5,B,0,0,0,0,0,4,0,0,0,0,0,7,50,0,0,0,1,8,0,0,0,0
10-Jun-17,2017,1,n,5,C,0,0,0,0,0,4,0,0,0,0,0,5,40,0,0,7,2,6,0,0,0,0
10-Jun-17,2017,1,n,5,D,0,0,0,0,0,0,0,0,0,0,0,5,30,0,0,0,8,6,0,0,0,0
10-Jun-17,2017,1,n,6,A,0,0,0,0,0,0,0,0,0,0,0,1,15,0,0,33,0,0,0,0,0,0
10-Jun-17,2017,1,n,6,B,0,0,0,0,0,3,0,0,0,0,0,0,20,0,0,21,0,2,0,0,0,0
10-Jun-17,2017,1,n,6,C,0,0,0,0,0,0,0,0,0,0,0,1,25,0,0,6,0,3,0,0,0,0
10-Jun-17,2017,1,n,6,D,0,0,0,0,0,0,0,0,0,0,0,0,40,0,0,25,0,7,0,0,0,0
10-Jun-17,2017,1,n,7,A,0,0,0,0,0,12,0,0,0,0,0,0,20,0,0,0,5,0,0,0,0,0
10-Jun-17,2017,1,n,7,B,0,0,0,0,0,28,0,0,0,0,0,0,40,0,0,4,0,0,0,0,0,0
10-Jun-17,2017,1,n,7,C,0,0,0,0,0,9,0,0,0,0,0,10,30,0,0,0,3,2,0,0,0,0
10-Jun-17,2017,1,n,7,D,0,0,0,0,0,11,0,0,3,0,0,0,30,0,0,2,3,1,0,0,0,0
10-Jun-17,2017,1,n,8,A,0,0,0,0,0,0,0,0,0,0,0,0,30,0,0,1,3,0,0,0,0,0
10-Jun-17,2017,1,n,8,B,0,0,0,0,0,4,0,0,0,0,0,5,25,0,0,0,2,0,0,0,0,0
10-Jun-17,2017,1,n,8,C,0,0,0,0,0,0,0,0,0,0,0,5,25,0,0,0,5,0,0,0,0,0
10-Jun-17,2017,1,n,8,D,0,0,0,0,0,8,0,0,0,0,0,4,30,0,0,6,0,0,0,0,0,0
10-Jun-17,2017,1,n,9,A,0,0,0,0,0,0,0,0,0,0,0,4,40,0,0,0,6,3,0,0,0,0
10-Jun-17,2017,1,n,9,B,0,0,0,0,0,0,0,0,0,0,0,0,40,0,0,0,1,4,0,0,0,0
10-Jun-17,2017,1,n,9,C,0,0,0,0,0,0,0,0,0,0,0,0,50,0,0,0,2,3,0,0,0,0
10-Jun-17,2017,1,n,9,D,0,0,0,0,0,0,0,0,0,0,0,2,40,0,0,5,0,6,0,0,0,0
10-Jun-17,2017,1,n,10,A,0,0,0,0,0,8,0,0,0,0,0,0,40,0,0,4,1,0,0,0,0,0
10-Jun-17,2017,1,n,10,B,0,0,0,0,0,60,0,0,0,0,0,7,30,0,0,0,0,0,0,0,0,0
10-Jun-17,2017,1,n,10,C,0,0,0,0,0,5,0,0,0,0,0,12,30,0,0,0,0,7,0,0,0,0
10-Jun-17,2017,1,n,10,D,0,0,0,0,2,37,0,0,0,0,0,7,35,0,0,5,5,0,0,0,0,0
10-Jun-17,2017,1,n,11,A,0,0,0,0,0,32,0,0,0,0,0,0,50,0,0,0,2,1,0,0,0,0
10-Jun-17,2017,1,n,11,B,0,0,0,0,0,57,0,0,0,0,0,10,40,0,0,0,0,0,0,0,0,0
10-Jun-17,2017,1,n,11,C,0,0,0,0,0,0,0,0,0,0,0,7,40,0,0,3,6,14,0,0,0,0
10-Jun-17,2017,1,n,11,D,0,0,0,0,0,11,0,0,0,0,0,3,0,0,0,0,4,1,0,0,0,0
10-Jun-17,2017,1,n,12,A,0,0,0,0,10,0,0,0,0,0,0,0,25,0,0,32,0,19,0,0,0,0
10-Jun-17,2017,1,n,12,B,0,0,0,0,1,0,0,0,0,0,0,7,20,0,0,7,0,15,0,0,0,0
10-Jun-17,2017,1,n,12,C,0,0,0,0,0,0,0,0,0,0,0,2,20,0,0,0,0,18,0,0,0,0
10-Jun-17,2017,1,n,12,D,0,0,0,0,10,0,0,0,0,0,0,11,30,0,0,0,0,19,0,0,0,0
10-Jun-17,2017,1,n,13,A,0,0,0,0,0,0,0,0,0,0,0,6,20,0,0,9,1,27,0,0,0,0
10-Jun-17,2017,1,n,13,B,0,0,0,0,0,0,0,0,0,0,0,0,10,0,0,4,1,0,0,0,0,0
10-Jun-17,2017,1,n,13,C,0,0,0,0,0,0,0,0,0,0,0,3,20,0,0,0,0,6,0,0,0,0
10-Jun-17,2017,1,n,13,D,0,0,0,0,0,0,0,0,0,0,0,6,25,0,0,2,2,16,0,0,0,0
10-Jun-17,2017,1,n,14,A,0,0,0,0,0,0,0,0,0,0,0,1,15,0,0,15,2,27,0,0,0,0
10-Jun-17,2017,1,n,14,B,0,0,0,0,4,0,0,0,0,0,0,0,15,0,0,0,0,9,0,0,0,0
10-Jun-17,2017,1,n,14,C,0,0,0,0,0,0,0,0,0,0,0,1,10,0,0,18,4,12,0,0,0,0
10-Jun-17,2017,1,n,14,D,0,0,0,0,0,0,0,0,0,0,0,0,15,0,0,19,0,4,0,0,0,0
10-Jun-17,2017,1,n,15,A,0,0,0,0,1,0,0,0,0,0,7,0,35,0,0,0,0,1,0,0,0,0
10-Jun-17,2017,1,n,15,B,0,0,0,0,6,0,0,0,0,0,2,0,15,0,0,0,0,3,0,0,0,0
10-Jun-17,2017,1,n,15,C,0,0,0,0,0,0,0,0,0,0,0,4,15,0,0,9,0,7,0,0,0,0
10-Jun-17,2017,1,n,15,D,0,0,0,0,2,0,0,0,0,0,6,0,20,0,0,1,14,5,0,0,0,0
10-Jun-17,2017,1,n,16,A,0,0,0,0,0,0,0,0,0,0,0,5,30,0,0,3,0,8,0,0,0,0
10-Jun-17,2017,1,n,16,B,0,0,0,0,1,0,0,0,0,0,0,0,20,0,0,1,0,2,0,0,0,0
10-Jun-17,2017,1,n,16,C,0,0,0,0,0,0,0,0,0,0,0,0,30,0,0,13,0,0,0,0,0,0
10-Jun-17,2017,1,n,16,D,0,0,0,0,0,0,0,0,0,0,0,0,25,0,0,0,2,1,0,0,0,0
10-Jun-17,2017,1,n,17,A,0,0,0,0,0,0,0,0,0,0,0,0,90,0,0,2,0,0,0,0,0,0
10-Jun-17,2017,1,n,17,B,0,0,0,0,0,27,0,0,0,0,0,0,50,0,0,0,0,0,0,0,0,0
10-Jun-17,2017,1,n,17,C,0,0,0,0,0,5,0,0,1,0,0,6,80,0,0,6,0,1,0,0,0,0
10-Jun-17,2017,1,n,17,D,0,0,0,0,0,22,0,0,0,0,0,0,60,0,0,0,1,0,0,0,0,0
10-Jun-17,2017,1,n,18,A,0,0,0,0,0,2,0,0,2,0,0,3,65,0,0,0,0,0,0,0,0,0
10-Jun-17,2017,1,n,18,B,0,0,0,0,0,12,0,0,0,0,0,2,35,0,0,5,0,0,0,0,0,0
10-Jun-17,2017,1,n,18,C,0,0,0,0,0,6,0,0,0,0,0,1,60,0,0,0,0,0,0,0,0,0
10-Jun-17,2017,1,n,18,D,0,0,0,0,0,35,0,0,0,0,0,0,60,0,0,0,0,0,0,0,0,0
10-Jun-17,2017,1,n,19,A,0,0,0,0,0,0,0,0,0,0,0,0,30,0,0,9,1,1,0,0,0,0
10-Jun-17,2017,1,n,19,B,0,0,0,0,0,17,0,0,12,0,0,2,25,0,0,11,0,0,0,0,0,0
10-Jun-17,2017,1,n,19,C,0,0,0,0,0,2,0,0,13,0,0,13,50,0,0,5,0,0,0,0,0,0
10-Jun-17,2017,1,n,19,D,0,0,0,0,0,5,0,0,3,0,0,0,40,0,0,17,0,0,0,0,0,0
10-Jun-17,2017,1,n,20,A,0,0,0,0,0,0,0,0,0,0,7,1,30,0,0,58,2,1,0,0,0,0
10-Jun-17,2017,1,n,20,B,0,0,0,0,1,2,0,0,0,0,0,1,25,0,0,11,1,0,0,0,0,0
10-Jun-17,2017,1,n,20,C,0,0,0,0,0,0,0,0,4,0,24,0,30,0,0,17,0,2,0,0,0,0
10-Jun-17,2017,1,n,20,D,0,0,0,0,0,2,0,0,0,0,2,0,20,0,0,4,2,0,0,0,0,0
10-Jun-17,2017,1,n,21,A,0,0,0,0,0,8,0,0,0,0,0,6,60,0,0,0,0,0,0,0,0,0
10-Jun-17,2017,1,n,21,B,0,0,0,0,0,26,0,0,0,0,0,2,50,0,0,0,0,1,0,0,0,0
10-Jun-17,2017,1,n,21,C,0,0,0,0,0,8,0,0,0,0,0,2,40,0,0,4,1,0,0,0,0,0
10-Jun-17,2017,1,n,21,D,0,0,0,0,0,41,0,0,0,0,0,0,60,0,0,0,0,0,0,0,0,0
10-Jun-17,2017,1,n,22,A,0,0,0,0,0,12,0,0,0,0,0,0,65,0,0,0,0,0,0,0,0,0
10-Jun-17,2017,1,n,22,B,0,0,0,0,0,23,0,0,0,0,0,0,80,0,0,0,0,0,0,0,0,0
10-Jun-17,2017,1,n,22,C,0,0,0,0,0,13,0,0,0,0,0,0,100,0,0,0,0,0,0,0,0,0
10-Jun-17,2017,1,n,22,D,0,0,0,0,0,19,0,0,0,0,0,0,55,0,0,3,0,3,0,0,0,0
10-Jun-17,2017,1,n,23,A,0,0,0,0,0,0,0,0,0,0,0,0,40,0,0,21,2,33,0,0,0,0
10-Jun-17,2017,1,n,23,B,0,0,0,0,4,0,0,0,0,0,0,2,40,0,0,0,0,26,0,0,0,0
10-Jun-17,2017,1,n,23,C,0,0,0,0,0,2,0,0,0,0,0,1,60,0,0,23,3,42,0,0,0,0
10-Jun-17,2017,1,n,23,D,0,0,0,0,5,0,0,0,0,0,0,3,40,0,0,8,5,53,0,0,0,0
10-Jun-17,2017,1,n,24,A,0,0,0,0,0,0,0,0,0,0,0,2,60,0,0,11,1,4,0,0,0,0
10-Jun-17,2017,1,n,24,B,0,0,0,0,0,0,0,0,2,0,0,4,35,0,0,22,2,1,0,0,0,0
10-Jun-17,2017,1,n,24,C,0,0,0,0,0,0,0,0,0,0,0,4,40,0,0,0,3,4,0,0,0,0
10-Jun-17,2017,1,n,24,D,0,0,0,0,0,0,0,0,0,0,0,1,25,0,0,3,3,6,0,0,0,0
10-Jun-17,2017,1,n,25,A,0,0,0,0,1,0,0,0,0,0,0,3,30,0,0,31,0,4,0,0,0,0
10-Jun-17,2017,1,n,25,B,0,0,0,0,0,9,0,0,0,0,2,4,30,0,0,7,4,6,0,0,0,0
10-Jun-17,2017,1,n,25,C,0,0,0,0,0,0,0,0,0,0,0,8,25,0,0,4,4,2,0,0,0,0
10-Jun-17,2017,1,n,25,D,0,0,0,0,1,0,0,0,0,0,0,7,35,0,0,8,0,3,0,0,0,0
16-Jun-17,2017,2,n,1,A,0,0,0,3,0,0,0,0,0,0,4,16,240,0,0,11,0,4,0,0,2,0
16-Jun-17,2017,2,n,1,B,0,0,0,5,0,0,0,0,0,0,5,6,540,0,0,4,0,1,0,0,0,0
16-Jun-17,2017,2,n,1,C,0,0,0,5,0,0,0,0,0,0,15,0,260,0,0,38,0,3,0,0,4,0
16-Jun-17,2017,2,n,1,D,0,0,0,0,2,0,0,0,0,0,0,4,280,0,0,3,0,5,0,0,6,0
16-Jun-17,2017,2,n,2,A,0,0,0,0,0,2,0,0,0,0,0,4,380,0,0,6,0,4,0,0,0,0
16-Jun-17,2017,2,n,2,B,0,0,0,0,0,0,0,0,0,0,3,1,220,0,0,4,0,2,0,0,3,0
16-Jun-17,2017,2,n,2,C,0,0,0,0,0,0,0,0,0,0,2,1,400,0,0,11,0,9,0,0,3,0
16-Jun-17,2017,2,n,2,D,0,0,0,0,1,0,0,0,0,0,0,0,200,0,0,7,0,0,0,0,0,0
16-Jun-17,2017,2,n,3,A,0,0,0,0,0,13,0,0,0,0,0,10,440,0,0,3,0,13,0,0,0,0
16-Jun-17,2017,2,n,3,B,0,0,0,0,0,16,0,0,0,0,0,32,280,0,0,7,0,0,0,0,0,0
16-Jun-17,2017,2,n,3,C,0,0,0,0,0,20,0,0,0,0,0,8,660,0,0,1,0,2,0,0,1,0
16-Jun-17,2017,2,n,3,D,0,0,0,0,0,19,0,0,0,0,0,8,240,0,0,14,0,15,0,0,1,0
16-Jun-17,2017,2,n,4,A,0,0,0,0,0,3,0,0,0,0,4,6,440,0,0,30,0,12,0,0,0,0
16-Jun-17,2017,2,n,4,B,0,0,0,3,0,0,0,0,0,0,0,8,420,0,0,13,0,18,0,0,2,0
16-Jun-17,2017,2,n,4,C,0,0,0,0,0,0,0,0,0,0,0,11,640,0,0,17,0,17,0,0,0,0
16-Jun-17,2017,2,n,4,D,0,0,0,0,0,0,0,0,0,0,0,13,280,0,0,27,0,21,0,0,3,0
16-Jun-17,2017,2,n,5,A,0,0,0,0,0,0,0,0,0,0,5,10,560,0,0,0,0,22,0,0,3,0
16-Jun-17,2017,2,n,5,B,0,0,0,3,0,0,0,0,0,0,0,17,580,0,0,0,0,16,0,0,2,0
16-Jun-17,2017,2,n,5,C,0,0,0,4,0,0,0,0,0,0,1,16,540,0,0,6,0,20,0,0,1,0
16-Jun-17,2017,2,n,5,D,0,0,0,0,0,0,0,0,0,0,0,17,300,0,0,0,0,14,0,0,11,0
16-Jun-17,2017,2,n,6,A,0,0,0,0,0,0,0,0,0,0,0,1,100,0,0,22,0,2,0,0,0,0
16-Jun-17,2017,2,n,6,B,0,0,0,0,0,0,0,0,0,0,0,2,80,0,0,18,0,8,0,0,0,0
16-Jun-17,2017,2,n,6,C,0,0,0,0,0,0,0,0,0,0,0,29,300,0,0,6,0,6,0,0,0,0
16-Jun-17,2017,2,n,6,D,0,0,0,0,0,5,0,0,0,0,0,5,340,0,0,28,0,13,0,0,0,0
17-Jun-17,2017,2,n,7,A,0,0,0,0,0,11,0,0,0,0,0,3,120,0,0,1,0,0,0,0,7,0
17-Jun-17,2017,2,n,7,B,0,0,0,0,0,36,0,0,0,0,0,3,280,0,0,4,0,4,0,0,1,0
17-Jun-17,2017,2,n,7,C,0,0,0,0,0,14,0,0,0,0,0,29,400,0,0,0,0,6,0,0,4,0
17-Jun-17,2017,2,n,7,D,0,0,0,0,0,13,0,0,3,0,0,6,160,0,0,3,0,2,0,0,5,0
17-Jun-17,2017,2,n,8,A,0,0,0,0,0,0,0,0,0,0,0,5,280,0,0,1,0,6,0,0,4,0
17-Jun-17,2017,2,n,8,B,0,0,0,0,0,6,0,0,0,0,0,6,60,0,0,0,0,1,0,0,1,0
17-Jun-17,2017,2,n,8,C,0,0,0,0,0,0,0,0,0,0,0,12,180,0,0,0,0,5,0,0,3,0
17-Jun-17,2017,2,n,8,D,0,0,0,0,0,8,0,0,0,0,0,8,260,0,0,5,0,0,0,0,1,0
17-Jun-17,2017,2,n,9,A,0,0,0,0,0,0,0,0,0,0,4,9,220,0,0,0,4,40,0,0,6,0
17-Jun-17,2017,2,n,9,B,0,0,0,0,3,0,0,0,0,0,17,1,200,0,0,0,0,13,0,0,2,0
17-Jun-17,2017,2,n,9,C,0,0,0,0,0,0,0,0,0,0,0,8,280,0,0,0,0,11,0,0,0,0
17-Jun-17,2017,2,n,9,D,0,0,0,0,0,0,0,0,0,0,0,9,260,0,0,7,0,33,0,0,2,0
17-Jun-17,2017,2,n,10,A,0,0,0,0,0,13,0,0,0,0,0,13,840,0,0,8,0,17,0,0,3,0
17-Jun-17,2017,2,n,10,B,0,0,0,0,0,54,0,0,0,0,0,12,60,0,0,0,0,3,0,0,2,0
17-Jun-17,2017,2,n,10,C,0,0,0,0,0,24,0,0,0,0,0,10,260,0,0,0,0,18,0,0,0,0
17-Jun-17,2017,2,n,10,D,0,0,0,0,2,41,0,0,0,0,0,10,120,0,0,13,0,16,0,0,8,0
17-Jun-17,2017,2,n,11,A,0,0,0,0,0,42,0,0,0,0,0,0,540,0,0,0,0,17,0,0,4,0
17-Jun-17,2017,2,n,11,B,0,0,0,0,0,76,0,0,0,0,0,10,20,0,0,0,0,2,0,0,1,0
17-Jun-17,2017,2,n,11,C,0,0,0,0,0,0,0,0,0,0,0,6,340,0,0,4,0,32,0,0,10,0
17-Jun-17,2017,2,n,11,D,0,0,0,0,0,14,0,0,0,0,0,2,560,0,0,0,0,9,0,0,11,0
17-Jun-17,2017,2,n,12,A,0,0,0,0,10,0,0,0,0,0,13,1,180,0,0,35,4,42,0,0,0,0
17-Jun-17,2017,2,n,12,B,0,0,0,0,3,0,0,0,0,0,66,20,300,0,0,6,3,89,0,0,0,0
17-Jun-17,2017,2,n,12,C,0,0,0,0,2,0,0,0,0,0,56,14,320,0,0,0,3,78,0,0,1,0
17-Jun-17,2017,2,n,12,D,0,0,0,0,0,0,0,0,0,0,37,32,220,0,0,0,0,76,0,0,0,0
17-Jun-17,2017,2,n,13,A,0,0,0,0,0,0,0,0,0,0,87,51,120,0,0,9,0,53,0,0,0,0
17-Jun-17,2017,2,n,13,B,0,0,0,0,0,0,0,0,0,0,15,11,80,0,0,4,0,1,0,0,1,0
17-Jun-17,2017,2,n,13,C,0,0,0,0,0,0,0,0,0,0,88,15,220,0,0,0,1,23,0,0,1,0
17-Jun-17,2017,2,n,13,D,0,0,0,0,0,0,0,0,0,0,76,23,500,0,0,0,7,31,0,0,1,0
19-Jun-17,2017,2,n,14,A,0,0,0,0,1,0,0,0,0,0,0,2,80,0,0,15,0,34,0,0,1,0
19-Jun-17,2017,2,n,14,B,0,0,0,0,6,0,0,0,0,0,0,0,20,0,0,0,0,14,0,0,0,0
19-Jun-17,2017,2,n,14,C,0,0,0,0,0,0,0,0,0,0,0,4,20,0,0,17,0,40,0,0,3,0
19-Jun-17,2017,2,n,14,D,0,0,0,0,0,0,0,0,0,0,2,0,180,0,0,21,0,15,0,0,2,0
19-Jun-17,2017,2,n,15,A,0,0,0,0,2,0,0,0,0,0,115,18,400,0,0,0,0,11,0,0,0,0
19-Jun-17,2017,2,n,15,B,0,0,0,0,7,0,0,0,0,0,139,2,60,0,0,0,0,7,0,0,0,0
19-Jun-17,2017,2,n,15,C,0,0,0,0,3,0,0,0,0,0,112,11,140,0,0,6,0,19,0,0,0,0
19-Jun-17,2017,2,n,15,D,0,0,0,0,9,0,0,0,0,0,68,12,240,0,0,11,0,1,0,0,1,0
19-Jun-17,2017,2,n,16,A,0,0,0,0,3,0,0,0,0,0,0,11,160,0,0,2,0,12,0,0,1,0
19-Jun-17,2017,2,n,16,B,0,0,0,0,2,0,0,0,0,0,13,5,100,0,0,1,4,3,0,0,1,0
19-Jun-17,2017,2,n,16,C,0,0,0,0,5,0,0,0,0,0,0,7,500,0,0,15,6,0,0,0,0,0
19-Jun-17,2017,2,n,16,D,0,0,0,0,0,0,0,0,0,0,0,2,260,0,0,0,0,4,0,0,2,0
19-Jun-17,2017,2,n,17,A,0,0,0,0,0,0,0,0,0,0,0,4,880,0,0,2,0,1,0,0,0,0
19-Jun-17,2017,2,n,17,B,0,0,0,0,0,21,0,0,0,0,0,13,1060,0,0,0,0,0,0,0,1,0
19-Jun-17,2017,2,n,17,C,0,0,0,0,0,4,0,0,0,0,0,7,580,0,0,6,0,2,0,0,0,0
19-Jun-17,2017,2,n,17,D,0,0,0,0,0,19,0,0,0,0,0,4,640,0,0,0,0,0,0,0,2,0
20-Jun-17,2017,2,n,18,A,0,0,0,0,0,2,0,0,2,0,0,4,600,0,0,0,0,0,0,0,0,0
20-Jun-17,2017,2,n,18,B,0,0,0,0,0,16,0,0,0,0,0,4,340,0,0,4,0,0,0,0,0,0
20-Jun-17,2017,2,n,18,C,0,0,0,0,1,15,0,0,2,0,0,0,340,0,0,3,0,1,0,0,0,0
20-Jun-17,2017,2,n,18,D,0,0,0,0,0,30,0,0,0,0,0,1,780,0,0,0,0,0,0,0,0,0
20-Jun-17,2017,2,n,19,A,0,0,0,0,0,0,0,0,0,0,0,5,100,0,0,15,0,2,0,0,1,0
20-Jun-17,2017,2,n,19,B,0,0,0,0,0,15,0,0,5,0,0,7,500,0,0,8,0,5,0,0,1,0
20-Jun-17,2017,2,n,19,C,0,0,0,0,0,5,0,0,6,0,0,19,300,0,0,9,0,0,0,0,1,0
20-Jun-17,2017,2,n,19,D,0,0,0,0,0,2,0,0,2,0,0,4,320,0,0,17,0,0,0,0,1,0
20-Jun-17,2017,2,n,20,A,0,0,0,0,1,0,0,0,0,0,68,13,20,0,0,62,1,7,0,0,3,0
20-Jun-17,2017,2,n,20,B,0,0,0,0,2,2,0,0,3,0,17,2,60,0,0,14,0,5,0,0,1,0
20-Jun-17,2017,2,n,20,C,0,0,0,0,0,0,0,0,4,0,165,1,220,0,0,19,0,8,0,0,0,0
20-Jun-17,2017,2,n,20,D,0,0,0,0,0,2,0,0,0,0,36,4,100,0,0,5,0,1,0,0,4,0
20-Jun-17,2017,2,n,21,A,0,0,0,0,0,8,0,0,0,0,0,22,300,0,0,1,0,1,0,0,0,0
20-Jun-17,2017,2,n,21,B,0,0,0,0,0,28,0,0,0,0,0,3,280,0,0,0,0,11,0,0,1,0
20-Jun-17,2017,2,n,21,C,0,0,0,0,0,13,0,0,0,0,0,23,260,0,0,6,0,5,0,0,3,0
20-Jun-17,2017,2,n,21,D,0,0,0,0,0,42,0,0,0,0,0,6,700,0,0,0,0,1,0,0,2,0
20-Jun-17,2017,2,n,22,A,0,0,0,0,0,9,0,0,0,0,0,7,560,1,0,0,0,1,0,0,0,0
20-Jun-17,2017,2,n,22,B,0,0,0,0,0,22,0,0,0,0,0,2,480,0,0,0,0,0,0,0,0,0
20-Jun-17,2017,2,n,22,C,0,0,0,0,0,22,0,0,0,0,0,8,3080,0,0,0,0,0,0,0,1,0
20-Jun-17,2017,2,n,22,D,0,0,0,0,0,25,0,0,0,0,0,3,680,0,0,3,0,9,0,0,1,0
20-Jun-17,2017,2,n,23,A,0,0,0,0,0,0,0,0,0,0,0,12,420,0,0,19,0,57,0,0,4,0
20-Jun-17,2017,2,n,23,B,2,0,0,0,8,0,0,0,0,0,0,12,340,0,0,0,0,35,0,0,1,0
20-Jun-17,2017,2,n,23,C,0,0,0,0,0,0,0,0,0,0,0,4,32,0,0,14,0,68,0,0,4,0
20-Jun-17,2017,2,n,23,D,0,0,0,0,15,0,0,0,0,0,164,15,180,0,0,7,0,68,0,0,6,0
20-Jun-17,2017,2,n,24,A,0,0,0,0,0,0,0,0,0,0,0,0,420,0,0,10,0,12,0,0,1,0
20-Jun-17,2017,2,n,24,B,0,0,0,0,6,0,0,0,3,8,0,7,260,0,0,21,0,3,0,0,1,0
20-Jun-17,2017,2,n,24,C,0,0,0,0,0,0,0,0,0,0,0,5,380,0,0,0,0,13,0,0,4,0
20-Jun-17,2017,2,n,24,D,0,0,0,0,1,0,0,0,0,0,0,8,240,0,0,8,0,12,0,0,3,0
20-Jun-17,2017,2,n,25,A,0,0,0,0,2,0,0,0,0,0,13,6,1520,0,0,32,0,15,0,0,0,0
20-Jun-17,2017,2,n,25,B,0,0,0,0,2,7,0,0,0,0,53,12,320,0,0,4,0,21,0,0,5,0
20-Jun-17,2017,2,n,25,C,0,0,0,0,0,0,0,0,0,0,5,6,180,0,0,3,0,8,0,0,4,0
20-Jun-17,2017,2,n,25,D,0,0,0,0,2,0,0,0,0,0,6,10,140,0,0,7,0,13,0,0,0,0
29-Jun-17,2017,3,1,1,A,0,0,0,0,0,0,0,0,0,0,0,38,0,0,0,0,0,4,0,0,0,0
29-Jun-17,2017,3,1,1,B,0,0,0,0,0,0,0,0,0,0,1,25,0,0,0,0,0,9,0,0,0,0
29-Jun-17,2017,3,1,1,C,0,0,0,3,0,0,0,0,0,0,7,2,1,0,0,0,0,0,0,0,0,0
29-Jun-17,2017,3,1,1,D,0,0,0,0,3,0,0,0,0,0,0,7,3,0,0,0,0,0,0,0,0,0
29-Jun-17,2017,3,1,2,A,0,0,0,0,1,0,0,0,0,0,0,5,10,0,0,0,0,7,0,0,0,0
29-Jun-17,2017,3,1,2,B,0,0,0,0,2,0,0,0,0,0,0,3,2,0,0,0,0,1,0,0,0,0
29-Jun-17,2017,3,1,2,C,0,0,0,0,0,0,0,0,0,0,0,3,19,0,0,0,0,4,0,0,0,0
29-Jun-17,2017,3,1,2,D,0,0,0,0,0,0,0,0,0,0,0,3,6,0,0,0,4,3,0,0,0,0
28-Jun-17,2017,3,1,3,A,0,0,0,0,0,0,0,0,0,0,0,20,11,0,0,0,0,13,0,0,0,0
28-Jun-17,2017,3,1,3,B,0,0,0,0,0,0,0,0,0,0,0,26,15,0,0,0,0,11,0,0,0,0
28-Jun-17,2017,3,1,3,C,2,0,0,0,0,0,0,0,0,0,0,8,15,0,0,0,0,6,0,0,0,0
28-Jun-17,2017,3,1,3,D,0,0,0,0,0,0,0,0,0,0,0,9,16,0,0,0,0,13,0,0,0,0
29-Jun-17,2017,3,1,4,A,0,0,0,0,0,0,0,0,0,0,0,17,6,0,0,0,0,2,0,0,0,0
29-Jun-17,2017,3,1,4,B,0,0,0,3,0,0,0,0,0,0,0,9,15,0,0,0,0,7,0,0,0,0
29-Jun-17,2017,3,1,4,C,0,0,0,0,0,0,0,0,0,0,0,28,20,0,0,0,0,5,0,0,0,0
29-Jun-17,2017,3,1,4,D,0,0,0,0,0,0,0,0,0,0,0,28,4,0,0,0,0,4,0,0,0,0
29-Jun-17,2017,3,1,5,A,0,0,0,0,0,0,0,0,0,0,4,14,20,0,0,0,0,5,0,0,0,0
29-Jun-17,2017,3,1,5,B,0,0,0,3,0,0,0,0,0,0,0,36,28,0,0,0,0,1,0,0,0,0
29-Jun-17,2017,3,1,5,C,0,0,0,4,0,0,0,0,0,0,2,53,24,0,0,0,0,2,0,0,0,0
29-Jun-17,2017,3,1,5,D,0,0,0,0,0,0,0,0,0,0,0,21,8,0,0,0,0,7,0,0,0,0
29-Jun-17,2017,3,1,6,A,0,0,0,0,0,0,0,0,0,0,0,7,1,0,0,0,0,4,0,0,0,0
29-Jun-17,2017,3,1,6,B,3,0,0,0,0,0,0,0,0,0,0,10,2,0,0,0,0,3,0,0,0,0
29-Jun-17,2017,3,1,6,C,0,0,0,0,1,0,0,0,0,0,0,61,3,0,0,0,0,2,0,0,0,0
29-Jun-17,2017,3,1,6,D,0,0,0,0,0,0,0,0,0,0,0,27,8,0,0,0,0,1,0,0,0,0
29-Jun-17,2017,3,1,7,A,0,0,0,0,0,0,0,0,0,0,0,6,4,0,0,0,0,5,0,0,0,0
29-Jun-17,2017,3,1,7,B,12,0,0,0,0,0,0,0,0,0,0,2,14,0,0,0,0,11,0,0,0,0
29-Jun-17,2017,3,1,7,C,0,0,0,0,0,0,0,0,0,0,0,33,3,0,0,0,0,9,0,0,0,0
29-Jun-17,2017,3,1,7,D,2,0,0,0,0,0,0,0,0,0,0,6,5,0,0,0,0,14,0,0,1,0
29-Jun-17,2017,3,1,8,A,0,0,0,0,0,0,0,0,0,0,0,5,2,0,0,0,0,8,0,0,0,0
29-Jun-17,2017,3,1,8,B,1,0,0,0,0,0,0,0,0,0,0,7,8,0,0,0,0,5,0,0,0,0
29-Jun-17,2017,3,1,8,C,2,0,0,0,0,0,0,0,0,0,0,13,0,0,0,0,0,7,0,0,0,0
29-Jun-17,2017,3,1,8,D,0,0,0,0,0,0,0,0,0,0,0,5,8,0,0,0,0,6,0,0,0,0
28-Jun-17,2017,3,1,9,A,0,0,0,0,0,0,0,0,0,0,0,26,16,0,0,0,3,22,0,0,0,0
28-Jun-17,2017,3,1,9,B,4,0,0,0,5,0,0,0,0,0,8,3,20,0,0,0,0,13,0,0,0,0
28-Jun-17,2017,3,1,9,C,0,0,0,0,0,0,0,0,0,0,0,16,NA,0,0,0,0,12,0,0,0,0
28-Jun-17,2017,3,1,9,D,0,0,0,0,0,0,0,0,0,0,0,18,4,0,0,0,2,32,0,0,0,0
28-Jun-17,2017,3,1,10,A,0,0,0,0,0,0,0,0,0,0,0,11,40,0,0,0,0,16,0,0,1,0
28-Jun-17,2017,3,1,10,B,0,0,0,0,0,0,0,0,0,0,0,8,NA,0,0,0,0,30,0,0,0,0
28-Jun-17,2017,3,1,10,C,0,0,0,0,0,0,0,0,0,0,0,9,NA,0,0,0,0,7,0,0,0,0
28-Jun-17,2017,3,1,10,D,0,0,0,0,0,0,0,0,0,0,0,12,5,0,0,0,0,22,0,0,0,0
28-Jun-17,2017,3,1,11,A,0,0,0,0,0,0,0,0,0,0,0,6,NA,0,0,0,0,12,0,0,0,0
28-Jun-17,2017,3,1,11,B,0,0,0,0,0,0,0,0,0,0,0,8,4,0,0,0,0,8,0,0,0,0
28-Jun-17,2017,3,1,11,C,0,0,0,0,0,0,0,0,0,0,0,6,3,0,0,0,0,18,0,0,0,0
28-Jun-17,2017,3,1,11,D,0,0,0,0,0,0,0,0,0,0,0,4,5,0,0,0,0,13,0,0,0,0
28-Jun-17,2017,3,1,12,A,0,0,0,0,21,0,0,0,0,0,15,9,22,0,0,0,2,5,0,0,0,0
28-Jun-17,2017,3,1,12,B,0,0,0,0,15,0,0,0,0,0,36,22,9,0,0,0,8,14,0,0,0,0
28-Jun-17,2017,3,1,12,C,0,0,0,0,5,0,0,0,0,0,34,28,3,0,0,0,1,9,0,0,0,0
28-Jun-17,2017,3,1,12,D,0,0,0,0,16,0,0,0,0,0,38,28,0,0,0,0,0,12,0,0,0,0
30-Jun-17,2017,3,1,13,A,0,0,0,0,0,0,0,0,0,0,46,51,6,0,0,0,0,11,0,0,0,0
30-Jun-17,2017,3,1,13,B,0,0,0,0,0,0,0,0,0,0,9,9,4,0,0,0,0,1,0,0,0,0
30-Jun-17,2017,3,1,13,C,0,0,0,0,0,0,0,0,0,0,0,33,0,0,0,0,0,0,0,0,0,0
30-Jun-17,2017,3,1,13,D,0,0,0,0,0,0,0,0,0,0,104,24,14,0,0,0,17,9,0,0,0,0
27-Jun-17,2017,3,1,14,A,0,0,0,0,5,0,0,0,0,0,0,8,0,0,0,0,0,6,0,0,0,0
27-Jun-17,2017,3,1,14,B,0,0,0,0,9,0,0,0,0,0,0,6,0,0,0,0,0,4,0,0,0,0
27-Jun-17,2017,3,1,14,C,0,0,0,0,1,0,0,0,0,0,0,18,0,0,0,0,0,6,0,0,0,0
27-Jun-17,2017,3,1,14,D,0,0,0,0,4,0,0,0,0,0,0,2,1,0,0,0,0,1,0,0,0,0
27-Jun-17,2017,3,1,15,A,0,0,0,0,3,0,0,0,0,0,64,43,7,0,0,0,0,6,0,0,0,0
27-Jun-17,2017,3,1,15,B,0,0,0,0,19,0,0,0,0,0,153,12,2,0,0,0,0,3,0,0,0,0
27-Jun-17,2017,3,1,15,C,0,0,0,0,9,0,0,0,0,0,82,34,2,0,0,0,0,1,0,0,0,0
27-Jun-17,2017,3,1,15,D,1,0,0,0,17,0,0,0,0,0,54,30,18,0,0,0,0,2,0,0,0,0
27-Jun-17,2017,3,1,16,A,0,0,0,0,8,0,0,0,0,0,0,24,16,0,0,0,1,3,0,0,0,0
27-Jun-17,2017,3,1,16,B,0,0,0,0,9,0,0,0,0,0,0,15,0,0,0,0,0,1,0,0,0,0
27-Jun-17,2017,3,1,16,C,0,0,0,0,16,0,0,0,0,0,0,14,4,0,0,0,0,0,0,0,0,0
27-Jun-17,2017,3,1,16,D,0,0,0,0,2,0,0,0,0,0,0,5,5,0,0,0,0,0,0,0,0,0
27-Jun-17,2017,3,1,17,A,0,0,0,0,0,0,0,0,0,0,0,4,NA,0,0,0,0,3,0,0,0,0
27-Jun-17,2017,3,1,17,B,0,0,0,0,0,0,0,0,0,0,0,18,NA,0,0,0,0,14,0,0,0,0
27-Jun-17,2017,3,1,17,C,0,0,0,0,0,0,0,0,0,0,0,6,NA,0,0,0,0,5,0,0,0,0
27-Jun-17,2017,3,1,17,D,0,0,0,0,0,0,0,0,0,0,0,2,NA,0,0,0,0,4,0,0,0,0
27-Jun-17,2017,3,1,18,A,3,0,0,0,0,0,0,0,0,0,0,2,NA,0,0,0,0,0,0,0,0,0
27-Jun-17,2017,3,1,18,B,0,0,0,0,0,0,0,0,0,0,0,7,NA,0,0,0,0,0,0,0,0,0
27-Jun-17,2017,3,1,18,C,0,0,0,0,1,0,0,0,0,0,0,2,NA,0,0,0,0,5,0,0,0,0
27-Jun-17,2017,3,1,18,D,0,0,0,0,0,0,0,0,0,0,0,3,NA,0,0,0,0,0,0,0,0,0
27-Jun-17,2017,3,1,19,A,0,0,0,0,0,0,0,0,0,0,0,5,37,0,0,0,0,2,0,0,0,0
27-Jun-17,2017,3,1,19,B,0,0,0,0,1,0,0,0,0,0,0,8,NA,0,0,0,0,5,0,0,0,0
27-Jun-17,2017,3,1,19,C,0,0,0,0,0,0,0,0,0,0,0,18,0,0,0,0,0,0,0,0,0,0
27-Jun-17,2017,3,1,19,D,0,0,0,0,0,0,0,0,0,0,0,4,21,0,0,0,0,0,1,0,0,0
27-Jun-17,2017,3,1,20,A,1,0,0,0,2,0,0,0,0,0,57,38,8,0,0,0,0,3,0,0,0,0
27-Jun-17,2017,3,1,20,B,0,0,0,0,4,0,0,0,1,0,19,2,6,0,0,0,0,1,0,0,0,0
27-Jun-17,2017,3,1,20,C,2,0,0,0,0,0,0,0,0,0,11,5,24,0,0,0,0,3,0,0,0,0
27-Jun-17,2017,3,1,20,D,1,0,0,0,0,0,0,0,0,0,11,5,20,0,0,0,0,0,0,0,0,0
30-Jun-17,2017,3,1,21,A,0,0,0,0,0,0,0,0,0,0,0,18,0,0,0,0,0,0,0,0,0,0
30-Jun-17,2017,3,1,21,B,0,0,0,0,0,0,0,0,0,0,0,3,0,0,0,0,0,1,0,0,0,0
30-Jun-17,2017,3,1,21,C,0,0,0,0,0,0,0,0,0,0,0,18,3,0,0,0,0,2,0,0,0,0
30-Jun-17,2017,3,1,21,D,0,0,0,0,0,0,0,0,0,0,0,6,0,0,0,0,0,0,0,0,0,0
30-Jun-17,2017,3,1,22,A,0,0,0,0,0,0,0,0,0,0,0,8,0,0,0,0,0,1,0,0,0,0
30-Jun-17,2017,3,1,22,B,0,0,0,0,0,0,0,0,0,0,0,5,0,0,0,0,0,1,0,0,0,0
30-Jun-17,2017,3,1,22,C,0,0,0,0,0,2,0,0,0,0,0,4,0,0,0,0,0,1,0,0,0,0
30-Jun-17,2017,3,1,22,D,0,0,0,0,0,0,0,0,0,0,0,8,0,0,0,0,0,2,0,0,2,0
30-Jun-17,2017,3,1,23,A,2,0,0,0,0,0,0,0,0,0,0,34,2,0,0,0,0,2,0,0,0,0
30-Jun-17,2017,3,1,23,B,2,0,0,0,17,0,0,0,0,0,0,24,3,0,0,0,0,2,0,0,0,0
30-Jun-17,2017,3,1,23,C,1,0,0,0,0,0,0,0,0,0,0,7,3,0,0,0,0,2,0,0,0,0
30-Jun-17,2017,3,1,23,D,1,0,0,0,26,0,0,0,0,0,14,27,5,0,0,0,1,0,0,0,0,0
30-Jun-17,2017,3,1,24,A,0,0,0,0,4,0,0,0,0,0,8,7,0,0,0,0,0,8,0,0,0,0
30-Jun-17,2017,3,1,24,B,0,0,0,0,9,0,0,0,0,0,26,8,3,0,0,0,0,7,0,0,0,0
30-Jun-17,2017,3,1,24,C,0,0,0,0,0,0,0,0,0,0,0,4,0,0,0,0,0,2,0,0,0,0
30-Jun-17,2017,3,1,24,D,1,0,0,0,2,0,0,0,0,0,0,10,0,0,0,0,0,5,0,0,0,0
30-Jun-17,2017,3,1,25,A,0,0,0,0,4,0,0,0,0,0,0,6,0,0,0,0,0,7,0,0,0,0
30-Jun-17,2017,3,1,25,B,0,0,0,0,9,0,0,0,0,0,0,9,0,0,0,0,0,8,0,0,0,0
30-Jun-17,2017,3,1,25,C,1,0,0,0,0,0,0,0,0,0,0,9,0,0,0,0,0,9,0,0,0,0
30-Jun-17,2017,3,1,25,D,1,0,0,0,2,0,0,0,0,0,0,6,0,0,0,0,0,5,0,0,0,0
18-Jul-17,2017,4,2,1,A,0,0,0,0,0,0,0,0,0,0,0,52,0,0,0,0,0,0,0,0,0,0
18-Jul-17,2017,4,2,1,B,0,0,0,0,0,0,0,0,0,0,0,37,0,0,0,0,0,0,0,0,0,0
18-Jul-17,2017,4,2,1,C,0,0,0,0,0,0,0,0,0,0,0,11,0,0,0,0,0,0,0,0,0,0
18-Jul-17,2017,4,2,1,D,0,0,0,0,5,0,0,0,0,0,0,9,0,0,0,0,0,0,0,0,0,0
18-Jul-17,2017,4,2,2,A,0,0,0,0,1,0,0,0,0,0,0,8,0,0,0,0,0,0,0,0,0,0
18-Jul-17,2017,4,2,2,B,0,0,0,0,3,0,0,0,0,0,0,4,0,0,0,0,0,0,0,0,0,0
18-Jul-17,2017,4,2,2,C,1,0,0,0,0,0,0,0,0,0,0,17,0,0,0,0,0,0,0,0,0,1
18-Jul-17,2017,4,2,2,D,0,0,0,0,0,0,0,0,0,0,0,8,0,0,0,0,0,0,0,0,0,0
18-Jul-17,2017,4,2,3,A,0,0,0,0,0,0,0,0,0,0,0,73,0,0,0,0,0,0,0,0,0,2
18-Jul-17,2017,4,2,3,B,0,0,0,0,0,0,0,0,0,0,0,26,0,0,0,0,0,0,0,0,0,0
18-Jul-17,2017,4,2,3,C,7,0,0,0,0,0,0,0,0,0,0,29,0,0,0,0,0,0,0,0,0,0
18-Jul-17,2017,4,2,3,D,0,0,0,0,0,0,0,0,0,0,0,13,0,0,0,0,0,0,0,0,0,3
18-Jul-17,2017,4,2,4,A,0,0,0,0,0,0,0,0,0,0,0,39,0,0,0,0,0,0,0,0,0,1
18-Jul-17,2017,4,2,4,B,0,0,0,0,0,0,0,0,0,0,0,26,0,0,0,0,0,0,0,0,0,0
18-Jul-17,2017,4,2,4,C,0,0,0,0,0,0,0,0,0,0,0,NA,0,0,0,0,0,0,0,0,0,0
18-Jul-17,2017,4,2,4,D,0,0,0,0,0,0,0,0,0,0,0,51,0,0,0,0,0,0,0,0,0,1
18-Jul-17,2017,4,2,5,A,0,0,0,0,0,0,0,0,0,0,0,29,0,0,0,0,0,0,0,0,0,0
18-Jul-17,2017,4,2,5,B,1,0,0,0,0,0,0,0,0,0,0,52,0,0,0,0,0,0,0,0,0,0
18-Jul-17,2017,4,2,5,C,1,0,0,0,0,0,0,0,0,0,0,44,0,0,0,0,0,1,0,0,0,0
18-Jul-17,2017,4,2,5,D,0,0,0,0,0,0,0,0,0,0,0,38,0,0,0,0,0,1,0,0,0,0
18-Jul-17,2017,4,2,6,A,1,0,0,0,1,0,0,0,0,0,0,22,4,0,0,0,0,0,0,0,0,0
18-Jul-17,2017,4,2,6,B,6,0,0,0,0,0,0,0,0,0,0,18,0,0,0,0,0,0,0,0,0,1
18-Jul-17,2017,4,2,6,C,3,0,0,0,1,0,0,0,0,0,0,0,1,0,0,0,0,0,0,0,0,0
18-Jul-17,2017,4,2,6,D,0,0,0,0,1,0,0,0,0,0,0,8,0,0,0,0,0,0,0,0,0,0
18-Jul-17,2017,4,2,7,A,9,0,0,0,0,0,0,0,0,0,0,4,2,0,0,0,0,0,0,0,0,0
18-Jul-17,2017,4,2,7,B,16,0,0,0,0,0,0,0,0,0,0,2,1,0,0,0,0,0,0,0,0,0
18-Jul-17,2017,4,2,7,C,4,0,0,0,0,0,0,0,0,0,0,19,0,0,0,0,0,0,0,0,0,0
18-Jul-17,2017,4,2,7,D,5,0,0,0,0,0,0,0,0,0,0,6,1,0,0,0,0,0,0,0,0,0
18-Jul-17,2017,4,2,8,A,0,0,0,0,0,0,0,0,0,0,0,3,0,0,0,0,0,0,0,0,0,0
18-Jul-17,2017,4,2,8,B,1,0,0,0,0,0,0,0,0,0,0,8,0,0,0,0,0,0,0,0,0,0
18-Jul-17,2017,4,2,8,C,3,0,0,0,0,0,0,0,0,0,0,10,0,0,0,0,0,0,0,0,0,0
18-Jul-17,2017,4,2,8,D,1,0,0,0,0,0,0,0,0,0,0,7,0,0,0,0,0,0,0,0,0,0
19-Jul-17,2017,4,2,9,A,0,0,0,0,0,0,0,0,0,0,0,61,0,0,0,0,0,0,0,0,0,0
19-Jul-17,2017,4,2,9,B,4,0,0,0,4,0,0,0,0,0,0,8,0,0,0,0,0,0,0,0,0,0
19-Jul-17,2017,4,2,9,C,0,0,0,0,0,0,0,0,0,0,0,15,1,0,0,0,0,2,0,0,0,0
19-Jul-17,2017,4,2,9,D,0,0,0,0,0,0,0,0,0,0,0,29,0,0,0,0,0,0,0,0,0,0
17-Jul-17,2017,4,2,10,A,0,0,0,0,2,0,0,0,0,0,0,6,0,0,0,0,0,0,0,0,0,0
17-Jul-17,2017,4,2,10,B,0,0,0,0,0,0,0,0,0,0,0,7,0,0,0,0,0,0,0,0,0,0
17-Jul-17,2017,4,2,10,C,0,0,0,0,0,0,0,0,0,0,0,15,0,0,0,0,0,0,0,0,0,0
17-Jul-17,2017,4,2,10,D,0,0,0,0,0,0,0,0,0,0,0,19,0,0,0,0,0,0,0,0,0,0
17-Jul-17,2017,4,2,11,A,0,0,0,0,0,0,0,0,0,0,0,2,0,0,0,0,0,0,0,0,0,0
17-Jul-17,2017,4,2,11,B,0,0,0,0,0,0,0,0,0,0,0,6,0,0,0,0,0,0,0,0,0,0
17-Jul-17,2017,4,2,11,C,0,0,0,0,1,0,0,0,0,0,0,6,0,0,0,0,0,0,0,0,0,0
17-Jul-17,2017,4,2,11,D,0,0,0,0,0,0,0,0,0,0,0,7,0,0,0,0,0,0,0,0,0,0
17-Jul-17,2017,4,2,12,A,0,0,0,0,43,0,0,0,0,0,0,16,0,0,0,0,0,2,0,0,0,0
17-Jul-17,2017,4,2,12,B,2,0,0,0,19,0,0,0,0,0,0,24,0,0,0,0,10,0,0,0,0,0
17-Jul-17,2017,4,2,12,C,0,0,0,0,24,0,0,0,0,0,0,38,0,0,0,0,2,0,0,0,0,0
17-Jul-17,2017,4,2,12,D,0,0,0,0,14,0,0,0,0,0,0,33,0,0,0,0,0,1,0,0,0,0
17-Jul-17,2017,4,2,13,A,0,0,0,0,0,0,0,0,0,0,0,39,0,0,0,0,0,0,0,0,0,0
17-Jul-17,2017,4,2,13,B,0,0,0,0,0,0,0,0,0,0,0,5,0,0,0,0,0,2,0,0,0,0
17-Jul-17,2017,4,2,13,C,0,0,0,0,0,0,0,0,0,0,0,113,0,0,0,0,0,1,0,0,0,0
17-Jul-17,2017,4,2,13,D,0,0,0,0,0,0,0,0,0,0,0,35,0,0,0,0,1,2,0,0,0,0
17-Jul-17,2017,4,2,14,A,1,0,0,0,7,0,0,0,0,0,0,48,0,0,0,0,0,1,0,0,0,0
17-Jul-17,2017,4,2,14,B,0,0,0,0,10,0,0,0,0,0,0,21,0,0,0,0,0,0,0,0,0,0
17-Jul-17,2017,4,2,14,C,0,0,0,0,4,0,0,0,0,0,0,61,0,0,0,0,0,0,0,0,0,0
17-Jul-17,2017,4,2,14,D,0,0,0,0,8,0,0,0,0,0,0,50,0,0,0,0,0,0,0,0,0,0
17-Jul-17,2017,4,2,15,A,1,0,0,0,5,0,0,0,0,0,0,41,0,0,0,0,0,0,0,0,0,0
17-Jul-17,2017,4,2,15,B,0,0,0,0,20,0,0,0,0,0,0,16,0,0,0,0,0,3,0,0,0,0
17-Jul-17,2017,4,2,15,C,0,0,0,0,32,0,0,0,0,0,0,60,0,0,0,0,0,1,0,0,0,0
17-Jul-17,2017,4,2,15,D,1,0,0,0,15,0,0,0,0,0,0,38,0,0,0,0,0,0,0,0,0,0
17-Jul-17,2017,4,2,16,A,0,0,0,0,13,0,0,0,0,0,0,46,0,0,0,0,0,0,0,0,0,0
17-Jul-17,2017,4,2,16,B,0,0,0,0,17,0,0,0,0,0,0,31,0,0,0,0,1,0,0,0,0,0
17-Jul-17,2017,4,2,16,C,0,0,0,0,34,0,0,0,0,0,0,23,0,0,0,0,2,0,0,0,0,0
17-Jul-17,2017,4,2,16,D,2,0,0,0,3,0,0,0,0,0,0,7,0,0,0,0,0,0,0,0,0,0
17-Jul-17,2017,4,2,17,A,0,0,0,0,0,0,0,0,0,0,0,4,0,0,0,0,0,0,0,0,0,0
17-Jul-17,2017,4,2,17,B,0,0,0,0,0,0,0,0,0,0,0,12,0,0,0,0,0,0,0,0,0,0
17-Jul-17,2017,4,2,17,C,1,0,0,0,0,0,0,0,0,0,0,3,0,0,0,0,0,0,0,0,0,2
17-Jul-17,2017,4,2,17,D,0,0,0,0,0,0,0,0,0,0,0,2,0,0,0,0,0,0,0,0,0,0
17-Jul-17,2017,4,2,18,A,3,0,0,0,0,0,0,0,0,0,0,3,0,0,0,0,0,0,0,0,0,0
17-Jul-17,2017,4,2,18,B,0,0,0,0,0,0,0,0,0,0,0,10,0,0,0,0,0,0,0,0,0,0
17-Jul-17,2017,4,2,18,C,1,0,0,0,1,0,0,0,0,0,0,6,0,0,0,0,0,0,0,0,0,0
17-Jul-17,2017,4,2,18,D,0,0,0,0,0,0,0,0,0,0,0,2,0,0,0,0,0,0,0,0,0,2
19-Jul-17,2017,4,2,19,A,6,0,0,0,0,0,0,0,0,0,0,12,1,0,0,0,0,0,0,0,0,0
19-Jul-17,2017,4,2,19,B,2,0,0,0,1,0,0,0,0,0,0,5,0,0,0,0,0,0,0,0,0,1
19-Jul-17,2017,4,2,19,C,18,0,0,0,0,0,0,0,0,0,0,22,0,0,0,0,0,0,0,0,0,0
19-Jul-17,2017,4,2,19,D,0,0,0,0,3,0,0,0,0,0,0,6,0,0,0,0,0,0,0,0,0,0
19-Jul-17,2017,4,2,20,A,3,0,0,0,2,0,0,0,0,0,0,70,1,0,0,0,0,0,0,0,0,0
19-Jul-17,2017,4,2,20,B,0,0,0,0,3,0,0,0,0,0,0,36,0,0,0,0,0,0,0,0,0,0
19-Jul-17,2017,4,2,20,C,2,0,0,0,1,0,0,0,0,0,0,31,1,0,0,0,0,1,0,0,0,0
19-Jul-17,2017,4,2,20,D,1,0,0,0,0,0,0,0,0,0,0,23,0,0,0,0,0,0,0,0,0,0
19-Jul-17,2017,4,2,21,A,0,0,0,0,0,0,0,0,0,0,0,15,0,0,0,0,0,0,0,0,0,0
19-Jul-17,2017,4,2,21,B,1,0,0,0,0,0,0,0,0,0,0,10,0,0,0,0,0,0,0,0,0,0
19-Jul-17,2017,4,2,21,C,0,0,0,0,0,0,0,0,0,0,0,31,1,0,0,0,0,1,0,0,0,0
19-Jul-17,2017,4,2,21,D,2,0,0,0,0,0,0,0,0,0,0,9,0,0,0,0,0,0,0,0,0,0
19-Jul-17,2017,4,2,22,A,0,0,0,0,0,0,0,0,0,0,0,11,1,0,0,0,0,0,0,0,0,0
19-Jul-17,2017,4,2,22,B,0,0,0,0,0,0,0,0,0,0,0,4,0,0,0,0,0,0,0,0,0,0
19-Jul-17,2017,4,2,22,C,0,0,0,0,0,0,0,0,0,0,0,3,0,0,0,0,0,0,0,0,0,0
19-Jul-17,2017,4,2,22,D,0,0,0,0,0,0,0,0,0,0,0,8,0,0,0,0,0,0,0,0,0,0
19-Jul-17,2017,4,2,23,A,2,0,0,0,0,0,0,0,0,0,0,51,0,0,0,0,0,0,0,0,0,0
19-Jul-17,2017,4,2,23,B,2,0,0,0,17,0,0,0,0,0,0,36,0,0,0,0,0,0,0,0,0,0
19-Jul-17,2017,4,2,23,C,1,0,0,0,0,0,0,0,0,0,0,11,0,0,0,0,0,0,0,0,0,0
19-Jul-17,2017,4,2,23,D,1,0,0,0,31,0,0,0,0,0,0,48,0,0,0,0,0,0,0,0,0,0
19-Jul-17,2017,4,2,24,A,0,0,0,0,0,0,0,0,0,0,0,5,0,0,0,0,0,1,0,0,0,0
19-Jul-17,2017,4,2,24,B,0,0,0,0,7,0,0,0,0,0,0,10,0,0,0,0,0,0,0,0,0,0
19-Jul-17,2017,4,2,24,C,1,0,0,0,0,0,0,0,0,0,0,5,11,0,0,0,0,0,0,0,0,1
19-Jul-17,2017,4,2,24,D,0,0,0,0,1,0,0,0,0,0,0,5,1,0,0,0,0,0,0,0,0,0
19-Jul-17,2017,4,2,25,A,0,0,0,0,4,0,0,0,0,0,0,38,0,0,0,0,0,0,0,0,0,1
19-Jul-17,2017,4,2,25,B,0,0,0,0,1,0,0,0,0,0,0,25,0,0,0,0,0,0,0,0,0,0
19-Jul-17,2017,4,2,25,C,0,0,0,0,0,0,0,0,0,0,0,14,0,0,0,0,0,0,0,0,0,0
19-Jul-17,2017,4,2,25,D,1,0,0,0,2,0,0,0,0,0,0,19,0,0,0,0,0,0,0,0,0,0
28-Jul-17,2017,5,3,1,A,1,0,0,0,0,0,0,0,0,0,0,33,0,0,0,0,0,0,0,0,0,0
28-Jul-17,2017,5,3,1,B,0,0,0,0,0,0,0,0,0,0,0,16,0,0,0,0,0,0,0,0,0,0
28-Jul-17,2017,5,3,1,C,0,0,5,0,0,0,0,0,0,0,0,4,0,0,0,0,0,0,0,0,0,0
28-Jul-17,2017,5,3,1,D,0,0,0,0,3,0,0,0,0,0,0,2,0,0,0,0,0,0,0,0,0,0
28-Jul-17,2017,5,3,2,A,0,0,0,0,0,0,0,0,0,0,0,3,0,0,0,0,0,0,0,0,0,0
28-Jul-17,2017,5,3,2,B,0,0,0,0,0,0,0,0,0,0,0,1,0,0,0,0,0,0,0,0,0,0
28-Jul-17,2017,5,3,2,C,4,0,2,0,0,0,0,0,0,0,0,6,0,0,0,0,0,0,0,0,0,1
28-Jul-17,2017,5,3,2,D,0,0,0,0,0,0,0,0,0,0,0,7,0,0,0,0,0,0,0,0,0,0
28-Jul-17,2017,5,3,3,A,0,0,0,0,0,0,0,0,0,0,0,11,0,0,0,0,0,0,0,0,0,3
28-Jul-17,2017,5,3,3,B,0,0,0,0,0,0,0,0,0,0,0,16,0,0,0,0,0,0,0,0,0,1
28-Jul-17,2017,5,3,3,C,6,0,0,0,0,0,0,0,0,0,0,9,0,0,0,0,0,0,0,0,0,0
28-Jul-17,2017,5,3,3,D,0,0,1,0,0,0,0,0,0,0,0,6,0,0,0,0,0,0,0,0,0,3
28-Jul-17,2017,5,3,4,A,0,0,1,0,0,0,0,0,0,0,0,23,0,0,0,0,0,0,0,0,0,3
28-Jul-17,2017,5,3,4,B,0,0,0,0,0,0,0,0,0,0,0,11,0,0,0,0,0,0,0,0,0,0
28-Jul-17,2017,5,3,4,C,0,0,0,0,0,0,0,0,0,0,0,21,0,0,0,0,0,0,0,0,0,1
28-Jul-17,2017,5,3,4,D,0,0,0,0,0,0,0,0,0,0,0,15,0,0,0,0,0,0,0,0,0,1
28-Jul-17,2017,5,3,5,A,0,0,0,0,0,0,0,0,0,0,0,13,0,0,0,0,0,0,0,0,0,0
28-Jul-17,2017,5,3,5,B,1,0,0,0,0,0,0,0,0,0,0,24,0,0,0,0,0,0,0,0,0,0
28-Jul-17,2017,5,3,5,C,5,0,0,0,0,0,0,0,0,0,0,15,0,0,0,0,0,0,0,0,0,0
28-Jul-17,2017,5,3,5,D,1,0,0,0,0,0,0,0,0,0,0,19,0,0,0,0,0,0,0,0,0,0
1-Aug-17,2017,5,3,6,A,1,1,4,0,0,0,0,0,0,0,0,3,0,0,0,0,0,0,0,0,0,0
1-Aug-17,2017,5,3,6,B,8,0,0,0,0,0,0,0,0,0,0,14,0,0,0,0,0,0,0,0,0,0
1-Aug-17,2017,5,3,6,C,6,0,0,0,0,0,0,0,0,0,0,8,0,0,0,0,0,0,0,0,0,0
1-Aug-17,2017,5,3,6,D,1,1,0,0,0,0,0,0,0,0,0,12,0,0,0,0,0,0,0,0,0,0
31-Jul-17,2017,5,3,7,A,9,0,0,0,0,0,0,0,0,0,0,3,0,0,0,0,0,0,0,0,0,0
31-Jul-17,2017,5,3,7,B,17,0,0,0,0,0,0,0,0,0,0,5,0,0,0,0,0,0,0,0,0,0
31-Jul-17,2017,5,3,7,C,4,1,0,0,0,0,0,0,0,0,0,15,0,0,0,0,0,0,0,0,0,0
31-Jul-17,2017,5,3,7,D,6,0,0,0,0,0,0,0,0,0,0,5,0,0,0,0,0,0,0,0,0,0
31-Jul-17,2017,5,3,8,A,0,0,0,0,0,0,0,0,0,0,0,6,0,0,0,0,0,0,0,0,0,0
31-Jul-17,2017,5,3,8,B,1,0,0,0,0,0,0,0,0,0,0,8,0,0,0,0,0,0,0,0,0,0
31-Jul-17,2017,5,3,8,C,3,0,0,0,0,0,0,0,0,0,0,8,0,0,0,0,0,0,0,0,0,0
31-Jul-17,2017,5,3,8,D,1,0,0,0,0,0,0,0,0,0,0,4,0,0,0,0,0,0,0,0,0,0
31-Jul-17,2017,5,3,9,A,0,0,0,0,0,0,0,0,0,0,0,13,0,0,0,0,0,0,0,0,0,0
31-Jul-17,2017,5,3,9,B,5,0,0,0,0,0,0,0,0,0,0,0,0,0,0,0,0,0,0,0,0,0
31-Jul-17,2017,5,3,9,C,3,0,0,0,0,0,0,0,0,0,0,8,0,0,0,0,0,0,0,0,0,0
31-Jul-17,2017,5,3,9,D,0,0,0,0,0,0,0,0,0,0,0,14,0,0,0,0,0,0,0,0,0,0
31-Jul-17,2017,5,3,10,A,0,0,0,0,0,0,0,0,0,0,0,14,0,0,0,0,0,0,0,0,0,0
31-Jul-17,2017,5,3,10,B,0,0,0,0,0,0,0,0,0,0,0,6,0,0,0,0,0,0,0,0,0,0
31-Jul-17,2017,5,3,10,C,0,1,0,0,0,0,0,0,0,0,0,5,0,0,0,0,0,0,0,0,0,0
31-Jul-17,2017,5,3,10,D,0,0,0,0,0,0,0,0,0,0,0,2,0,0,0,0,0,0,0,0,0,0
31-Jul-17,2017,5,3,11,A,0,0,0,0,0,0,0,0,0,0,0,4,0,0,0,0,0,0,0,0,0,0
31-Jul-17,2017,5,3,11,B,0,0,0,0,0,0,0,0,0,0,0,2,0,0,0,0,0,0,0,0,0,0
31-Jul-17,2017,5,3,11,C,0,0,0,0,0,0,0,0,0,0,0,10,0,0,0,0,0,0,0,0,0,0
31-Jul-17,2017,5,3,11,D,0,0,0,0,0,0,0,0,0,0,0,3,0,0,0,0,0,0,0,0,0,0
31-Jul-17,2017,5,3,12,A,0,0,0,0,19,0,0,0,0,0,0,0,0,0,0,0,0,0,0,0,0,0
31-Jul-17,2017,5,3,12,B,2,0,0,0,1,0,0,1,0,0,0,18,0,0,0,0,0,0,0,0,0,0
31-Jul-17,2017,5,3,12,C,0,0,0,0,10,0,0,0,0,0,0,1,0,0,0,0,0,0,0,0,0,0
31-Jul-17,2017,5,3,12,D,0,0,0,0,0,0,0,0,0,0,0,25,0,0,0,0,0,0,0,0,0,0
31-Jul-17,2017,5,3,13,A,0,0,0,0,0,0,0,0,0,0,0,18,0,0,0,0,0,0,0,0,0,0
31-Jul-17,2017,5,3,13,B,0,0,0,0,0,0,0,0,0,0,0,7,0,0,0,0,0,0,0,0,0,0
31-Jul-17,2017,5,3,13,C,0,0,0,0,0,0,0,0,0,0,0,33,0,0,0,0,0,0,0,0,0,0
31-Jul-17,2017,5,3,13,D,0,0,0,0,0,0,0,0,0,0,0,21,0,0,0,0,0,0,0,0,0,0
31-Jul-17,2017,5,3,14,A,1,0,0,0,0,0,0,0,0,0,0,15,0,0,0,0,0,0,0,0,0,0
31-Jul-17,2017,5,3,14,B,0,0,1,0,1,0,0,0,0,0,0,2,0,0,0,0,0,1,0,0,0,0
31-Jul-17,2017,5,3,14,C,0,2,0,0,0,0,0,0,0,0,0,6,0,0,0,0,0,0,0,0,0,0
31-Jul-17,2017,5,3,14,D,0,0,0,0,0,0,0,0,0,0,0,8,0,0,0,0,0,0,0,0,0,0
1-Aug-17,2017,5,3,15,A,1,0,0,0,2,0,0,0,0,0,0,10,0,0,0,0,0,0,0,0,0,0
1-Aug-17,2017,5,3,15,B,0,0,0,0,3,0,0,0,0,0,0,3,0,0,0,0,0,0,0,0,0,0
1-Aug-17,2017,5,3,15,C,0,0,0,0,18,0,0,2,0,0,0,10,0,0,0,0,0,0,0,0,0,0
1-Aug-17,2017,5,3,15,D,1,0,0,0,1,0,0,0,0,0,0,10,0,0,0,0,0,0,0,0,0,0
1-Aug-17,2017,5,3,16,A,0,0,3,0,4,0,0,0,0,0,0,19,0,0,0,0,0,0,0,0,0,0
1-Aug-17,2017,5,3,16,B,0,0,1,0,1,0,0,3,0,0,0,4,0,0,0,0,0,0,0,0,0,0
1-Aug-17,2017,5,3,16,C,0,0,3,0,6,0,0,0,0,0,0,9,0,0,0,0,0,0,0,0,0,0
1-Aug-17,2017,5,3,16,D,3,0,1,0,1,0,0,3,0,0,0,0,0,0,0,0,0,0,0,0,0,0
1-Aug-17,2017,5,3,17,A,0,0,0,0,0,0,0,0,0,0,0,5,0,0,0,0,0,0,0,0,0,0
1-Aug-17,2017,5,3,17,B,0,0,0,0,0,0,0,0,0,0,0,8,0,0,0,0,0,0,0,0,0,2
1-Aug-17,2017,5,3,17,C,1,0,0,0,0,0,0,0,0,0,0,4,0,0,0,0,0,0,0,0,0,1
1-Aug-17,2017,5,3,17,D,0,0,0,0,0,0,0,0,0,0,0,2,0,0,0,0,0,0,0,0,0,2
1-Aug-17,2017,5,3,18,A,4,0,0,0,0,0,0,0,0,0,0,5,0,0,0,0,0,0,0,0,0,3
1-Aug-17,2017,5,3,18,B,1,0,0,0,0,0,0,0,0,0,0,6,0,0,0,0,0,0,0,0,0,0
1-Aug-17,2017,5,3,18,C,2,0,0,0,0,0,0,0,0,0,0,8,0,0,0,0,0,0,0,0,0,0
1-Aug-17,2017,5,3,18,D,0,0,0,0,0,0,0,0,0,0,0,2,0,0,0,0,0,0,0,0,0,1
1-Aug-17,2017,5,3,19,A,7,0,0,0,0,0,0,0,0,0,0,6,0,0,0,0,0,0,0,0,0,0
1-Aug-17,2017,5,3,19,B,3,0,0,0,0,0,0,0,0,0,0,4,0,0,0,0,0,0,0,0,0,0
1-Aug-17,2017,5,3,19,C,20,0,0,0,0,0,0,0,0,0,0,9,0,0,0,0,0,0,0,0,0,0
1-Aug-17,2017,5,3,19,D,0,0,0,0,1,0,0,0,0,0,0,4,0,0,0,0,0,0,0,0,0,0
1-Aug-17,2017,5,3,20,A,3,0,4,0,0,0,0,0,0,0,0,5,0,0,0,0,0,0,0,0,0,0
1-Aug-17,2017,5,3,20,B,0,0,0,0,2,0,0,0,0,0,0,7,0,0,0,0,0,0,0,0,0,0
1-Aug-17,2017,5,3,20,C,1,0,0,0,1,0,0,0,0,0,0,8,0,0,0,0,0,0,0,0,0,0
1-Aug-17,2017,5,3,20,D,2,0,0,0,0,0,0,0,0,0,0,8,0,0,0,0,0,0,0,0,0,0
1-Aug-17,2017,5,3,21,A,1,0,0,0,0,0,0,0,0,0,0,0,0,0,0,0,0,0,0,0,0,0
1-Aug-17,2017,5,3,21,B,1,0,0,0,0,0,0,0,0,0,0,9,0,0,0,0,0,0,0,0,0,0
1-Aug-17,2017,5,3,21,C,0,0,0,0,0,0,0,0,0,0,0,14,0,0,0,0,0,1,0,0,0,0
1-Aug-17,2017,5,3,21,D,2,0,0,0,0,0,0,0,0,0,0,5,0,0,0,0,0,0,0,0,0,0
1-Aug-17,2017,5,3,22,A,0,0,0,0,0,0,0,0,0,0,0,6,0,0,0,0,0,0,0,0,0,0
1-Aug-17,2017,5,3,22,B,0,0,0,0,0,0,0,0,0,0,0,2,0,0,0,0,0,0,0,0,0,0
1-Aug-17,2017,5,3,22,C,0,0,0,0,0,0,0,0,0,0,0,2,0,0,0,0,0,0,0,0,0,0
1-Aug-17,2017,5,3,22,D,0,0,0,0,0,0,0,0,0,0,0,3,0,0,0,0,0,0,0,0,0,0
28-Jul-17,2017,5,3,23,A,2,0,0,0,0,0,0,0,0,0,0,8,0,0,0,0,0,0,0,0,0,0
28-Jul-17,2017,5,3,23,B,2,0,0,0,3,0,0,1,0,0,0,5,0,0,0,0,0,0,0,0,0,0
28-Jul-17,2017,5,3,23,C,1,0,0,0,0,0,0,0,0,0,0,2,0,0,0,0,0,0,0,0,0,0
28-Jul-17,2017,5,3,23,D,1,0,0,0,5,0,0,0,0,0,0,15,0,0,0,0,0,0,0,0,0,0
28-Jul-17,2017,5,3,24,A,0,0,0,0,0,0,0,0,0,0,0,5,1,0,0,0,0,0,0,0,0,0
28-Jul-17,2017,5,3,24,B,0,0,0,0,1,0,0,0,0,0,0,6,0,0,0,0,0,0,0,0,0,0
28-Jul-17,2017,5,3,24,C,1,0,0,0,0,0,0,0,0,0,0,3,0,0,0,0,0,0,0,0,0,1
28-Jul-17,2017,5,3,24,D,0,0,0,0,0,0,0,0,0,0,0,0,1,0,0,0,0,0,0,0,0,0
28-Jul-17,2017,5,3,25,A,0,1,0,0,0,0,0,0,0,0,0,14,0,0,0,0,0,0,0,0,0,0
28-Jul-17,2017,5,3,25,B,0,0,0,0,0,0,0,0,0,0,0,19,0,0,0,0,0,0,0,0,0,0
28-Jul-17,2017,5,3,25,C,0,0,0,0,0,0,0,0,0,0,0,3,0,0,0,0,0,0,0,0,0,0
28-Jul-17,2017,5,3,25,D,1,0,0,0,1,0,0,0,0,0,0,11,0,0,0,0,0,0,0,0,0,0
31-May-18,2018,1,n,1,A,0,0,0,0,0,0,0,0,0,0,0,0,0,0,0,1,0,1,0,0,0,0
31-May-18,2018,1,n,1,B,0,0,0,0,0,0,0,0,0,0,0,0,0,0,0,3,0,0,0,0,1,0
31-May-18,2018,1,n,1,C,0,0,0,0,0,0,0,0,0,0,0,0,0,0,0,0,0,1,0,0,1,0
31-May-18,2018,1,n,1,D,0,0,0,4,3,0,0,0,0,0,0,0,0,0,0,1,0,0,0,0,0,0
31-May-18,2018,1,n,2,A,0,0,0,0,0,0,0,0,0,0,0,0,0,0,0,0,0,2,0,0,0,0
31-May-18,2018,1,n,2,B,0,0,0,0,0,0,0,0,0,0,0,0,0,0,0,1,0,0,0,0,0,0
31-May-18,2018,1,n,2,C,0,0,0,0,0,0,0,0,0,0,0,0,0,0,0,2,0,0,0,0,0,0
31-May-18,2018,1,n,2,D,0,0,0,0,0,0,0,0,0,0,0,0,0,0,0,0,0,0,0,0,0,0
31-May-18,2018,1,n,3,A,0,0,0,0,0,0,0,0,0,0,0,0,0,0,0,0,0,0,0,0,0,0
31-May-18,2018,1,n,3,B,0,0,0,0,0,0,0,0,0,0,0,0,0,0,0,2,0,1,0,0,0,0
31-May-18,2018,1,n,3,C,0,0,0,0,0,0,0,0,0,0,0,0,0,0,0,2,0,1,0,0,0,0
31-May-18,2018,1,n,3,D,0,0,0,0,0,0,0,0,0,0,0,0,0,0,0,0,0,1,0,0,0,0
31-May-18,2018,1,n,4,A,0,0,0,0,0,0,0,0,0,0,0,0,0,0,0,1,0,1,0,0,0,0
31-May-18,2018,1,n,4,B,0,0,0,0,0,0,0,0,0,0,0,0,0,0,0,1,0,3,0,0,0,0
31-May-18,2018,1,n,4,C,0,0,0,0,0,0,0,0,0,0,0,0,0,0,0,1,0,1,0,0,0,0
31-May-18,2018,1,n,4,D,0,0,0,0,0,0,0,0,0,0,0,0,0,0,0,0,0,0,0,0,0,0
31-May-18,2018,1,n,5,A,0,0,0,0,0,0,0,0,0,0,0,0,0,0,0,0,0,10,0,0,0,0
31-May-18,2018,1,n,5,B,0,0,0,0,0,0,0,0,0,0,0,0,0,0,0,0,0,4,0,0,0,0
31-May-18,2018,1,n,5,C,0,0,0,0,0,0,0,0,0,0,0,0,0,0,0,1,0,1,0,0,0,0
31-May-18,2018,1,n,5,D,0,0,0,0,0,0,0,0,0,0,0,0,0,0,0,0,0,6,0,0,3,0
31-May-18,2018,1,n,6,A,0,0,0,0,0,0,0,0,0,0,0,0,0,0,0,1,0,2,0,0,0,0
31-May-18,2018,1,n,6,B,0,0,0,0,0,0,0,0,0,0,0,0,0,0,0,1,0,1,0,0,0,0
31-May-18,2018,1,n,6,C,0,0,0,0,0,0,0,0,0,0,0,0,0,0,0,1,0,3,0,0,0,0
31-May-18,2018,1,n,6,D,0,0,0,0,0,0,0,0,0,0,0,0,0,0,0,1,0,0,0,0,0,0
31-May-18,2018,1,n,7,A,0,0,0,0,0,0,0,0,0,0,0,0,0,0,0,0,0,0,0,0,0,0
31-May-18,2018,1,n,7,B,0,0,0,0,0,0,0,0,0,0,0,0,0,0,0,0,0,0,0,0,0,0
31-May-18,2018,1,n,7,C,0,0,0,0,0,0,0,0,0,0,0,0,0,0,0,0,0,0,0,0,0,0
31-May-18,2018,1,n,7,D,0,0,0,0,0,0,0,0,0,0,0,0,0,0,0,2,0,0,0,0,0,0
31-May-18,2018,1,n,8,A,0,0,0,0,0,0,0,0,0,0,0,0,0,0,0,1,0,0,0,0,1,0
31-May-18,2018,1,n,8,B,0,0,0,0,0,0,0,0,0,0,0,0,20,0,0,0,0,0,0,0,0,0
31-May-18,2018,1,n,8,C,0,0,0,0,0,0,0,0,0,0,0,1,0,0,0,0,0,0,0,0,0,0
31-May-18,2018,1,n,8,D,0,0,0,0,0,0,0,0,0,0,0,0,40,0,0,2,0,0,0,0,1,0
31-May-18,2018,1,n,9,A,0,0,0,0,0,0,0,0,0,0,0,0,0,0,0,0,0,0,0,0,1,0
31-May-18,2018,1,n,9,B,0,0,0,0,0,0,0,0,0,0,0,0,0,0,0,0,0,2,0,0,0,0
31-May-18,2018,1,n,9,C,0,0,0,0,0,0,0,0,0,0,0,0,0,0,0,0,0,0,0,0,0,0
31-May-18,2018,1,n,9,D,0,0,0,0,0,0,0,0,0,0,0,0,0,0,0,1,0,1,0,0,0,0
31-May-18,2018,1,n,10,A,0,0,0,0,0,0,0,0,0,0,0,0,0,0,0,2,0,2,0,0,1,0
31-May-18,2018,1,n,10,B,0,0,0,0,0,0,0,0,0,0,0,0,0,0,0,0,0,0,0,0,1,0
31-May-18,2018,1,n,10,C,0,0,0,0,0,0,0,0,0,0,0,0,0,0,0,0,0,0,0,1,1,0
31-May-18,2018,1,n,10,D,0,0,0,0,0,0,0,0,0,0,0,0,0,0,0,2,0,0,0,0,0,0
31-May-18,2018,1,n,11,A,0,0,0,0,0,0,1,0,0,0,0,0,0,0,0,0,0,1,0,0,0,0
31-May-18,2018,1,n,11,B,0,0,0,0,0,0,0,0,0,0,0,0,0,0,0,0,0,0,0,0,0,0
31-May-18,2018,1,n,11,C,0,0,0,0,0,0,0,0,0,0,0,0,0,0,0,0,0,0,0,0,1,0
31-May-18,2018,1,n,11,D,0,0,0,0,0,0,0,0,0,0,0,0,0,0,0,0,0,1,0,0,1,0
31-May-18,2018,1,n,12,A,0,0,0,0,1,0,0,0,0,0,0,0,0,0,0,1,0,7,0,0,0,0
31-May-18,2018,1,n,12,B,0,0,0,0,0,0,0,0,0,0,0,0,0,0,0,1,0,3,0,0,0,0
31-May-18,2018,1,n,12,C,0,0,0,0,0,0,0,0,0,0,0,0,0,0,0,0,0,7,0,0,0,0
31-May-18,2018,1,n,12,D,0,0,0,0,1,0,0,0,0,0,0,0,0,0,0,0,0,4,0,0,0,0
31-May-18,2018,1,n,13,A,0,0,0,0,0,0,0,0,0,0,0,0,0,0,0,2,0,1,0,0,0,0
31-May-18,2018,1,n,13,B,0,0,0,0,0,0,0,0,0,0,0,0,0,0,0,0,0,4,0,0,0,0
31-May-18,2018,1,n,13,C,0,0,0,0,0,0,0,0,0,0,0,0,0,0,0,0,0,0,0,0,0,0
31-May-18,2018,1,n,13,D,0,0,0,0,0,0,0,0,0,0,0,0,0,0,0,0,0,0,0,0,0,0
31-May-18,2018,1,n,14,A,0,0,0,0,1,0,0,0,0,0,0,0,0,0,0,3,0,9,0,0,3,0
31-May-18,2018,1,n,14,B,0,0,0,0,2,0,0,0,0,0,0,0,0,0,0,0,0,5,0,0,0,0
31-May-18,2018,1,n,14,C,0,0,0,0,1,0,0,0,0,0,0,0,0,0,0,0,0,16,0,0,0,0
31-May-18,2018,1,n,14,D,0,0,0,0,0,0,0,0,0,0,0,0,0,0,0,0,0,3,0,0,0,0
31-May-18,2018,1,n,15,A,0,0,0,0,3,0,0,0,0,0,2,0,0,0,0,0,0,1,0,0,0,0
31-May-18,2018,1,n,15,B,0,0,0,0,1,0,0,0,0,0,0,0,0,0,0,0,0,1,0,0,0,0
31-May-18,2018,1,n,15,C,0,0,0,0,0,0,0,0,0,0,0,0,0,0,0,0,0,0,0,0,0,0
31-May-18,2018,1,n,15,D,0,0,0,0,0,0,0,0,0,0,0,0,0,0,0,1,0,0,0,0,0,0
30-May-18,2018,1,n,16,A,0,0,0,0,1,0,0,0,0,0,0,0,0,0,0,0,0,0,0,0,0,0
30-May-18,2018,1,n,16,B,0,0,0,0,0,0,0,0,0,0,0,0,0,0,0,1,0,0,0,0,0,0
30-May-18,2018,1,n,16,C,0,0,0,0,1,0,0,0,0,0,0,0,0,0,0,0,0,0,0,0,1,0
30-May-18,2018,1,n,16,D,0,0,0,0,0,0,0,0,0,0,0,0,0,0,0,0,0,0,0,0,1,0
30-May-18,2018,1,n,17,A,0,0,0,0,0,0,5,0,0,0,0,0,200,0,0,0,0,1,0,0,0,0
30-May-18,2018,1,n,17,B,0,0,0,0,0,0,0,0,0,0,0,0,100,0,0,0,0,0,0,0,0,0
30-May-18,2018,1,n,17,C,0,0,0,0,0,0,0,0,3,0,0,0,40,0,0,2,0,1,0,0,0,0
30-May-18,2018,1,n,17,D,0,0,0,0,0,0,0,0,0,0,0,0,0,0,0,0,0,0,0,0,0,0
30-May-18,2018,1,n,18,A,0,0,0,0,0,0,0,0,0,0,0,0,20,0,0,0,0,0,0,0,0,0
30-May-18,2018,1,n,18,B,0,0,0,0,0,0,0,0,0,0,0,0,60,0,0,0,0,0,0,0,0,0
30-May-18,2018,1,n,18,C,0,0,0,0,0,0,0,0,2,0,0,0,60,0,0,0,0,0,0,0,0,0
30-May-18,2018,1,n,18,D,0,0,0,0,0,0,0,0,0,0,0,0,0,0,0,0,0,0,0,0,1,0
30-May-18,2018,1,n,19,A,0,0,0,0,0,0,0,0,0,0,0,0,0,0,0,0,0,0,0,0,1,0
30-May-18,2018,1,n,19,B,0,0,0,0,0,0,0,0,13,0,0,0,0,1,0,0,0,0,0,0,0,0
30-May-18,2018,1,n,19,C,0,0,0,0,0,0,0,0,9,0,0,0,0,0,0,1,0,0,0,1,0,0
30-May-18,2018,1,n,19,D,0,0,0,0,0,0,0,0,3,0,0,0,0,0,0,2,0,0,8,1,0,0
30-May-18,2018,1,n,20,A,0,0,0,0,0,0,0,0,0,0,0,0,0,0,0,3,0,2,0,0,1,0
30-May-18,2018,1,n,20,B,0,0,0,0,0,0,0,0,2,0,1,0,0,0,0,1,0,3,0,0,0,0
30-May-18,2018,1,n,20,C,0,0,0,0,0,0,0,0,3,0,0,0,0,0,0,0,0,2,0,0,0,0
30-May-18,2018,1,n,20,D,0,0,0,0,0,0,0,0,0,0,0,0,20,0,0,0,0,0,0,0,0,0
30-May-18,2018,1,n,21,A,0,0,0,0,0,0,0,0,0,0,0,0,0,0,0,1,0,0,0,0,0,0
30-May-18,2018,1,n,21,B,0,0,0,0,0,0,0,0,0,0,0,0,0,0,0,0,0,0,0,0,0,0
30-May-18,2018,1,n,21,C,0,0,0,0,0,0,0,0,0,0,0,0,0,0,0,0,0,2,0,0,0,0
30-May-18,2018,1,n,21,D,0,0,0,0,0,0,0,0,1,0,0,0,0,0,0,0,0,1,0,0,0,0
30-May-18,2018,1,n,22,A,0,0,0,0,0,0,0,0,0,0,0,0,0,0,0,0,0,0,0,2,0,0
30-May-18,2018,1,n,22,B,0,0,0,0,0,0,48,0,0,0,0,0,0,0,0,0,0,0,0,0,0,0
30-May-18,2018,1,n,22,C,0,0,0,0,0,0,1,0,0,0,0,0,0,0,0,0,0,0,0,0,0,0
30-May-18,2018,1,n,22,D,0,0,0,0,0,0,0,0,1,0,0,0,0,0,0,0,0,0,0,0,0,0
30-May-18,2018,1,n,23,A,0,0,0,0,0,0,0,0,0,0,0,0,40,0,0,1,0,5,0,0,0,0
30-May-18,2018,1,n,23,B,0,0,0,0,0,0,0,0,0,0,0,0,20,0,0,0,0,6,0,0,0,0
30-May-18,2018,1,n,23,C,0,0,0,0,0,0,0,0,0,0,0,0,0,0,0,1,0,15,0,0,0,0
30-May-18,2018,1,n,23,D,0,0,0,0,6,0,0,0,0,0,0,0,0,0,0,1,0,16,0,0,0,0
29-May-18,2018,1,n,24,A,0,0,0,0,0,0,0,0,0,0,0,0,20,0,0,3,0,0,0,0,0,0
29-May-18,2018,1,n,24,B,0,0,0,0,0,0,0,0,1,0,0,0,0,0,0,3,0,1,0,0,0,0
29-May-18,2018,1,n,24,C,0,0,0,0,0,0,0,0,0,0,0,0,380,0,0,0,0,5,0,0,0,0
29-May-18,2018,1,n,24,D,0,0,0,0,2,0,0,0,0,0,0,0,20,0,0,0,0,5,0,0,0,0
29-May-18,2018,1,n,25,A,0,0,0,0,0,0,0,0,0,0,0,0,0,0,0,4,0,4,0,0,0,0
29-May-18,2018,1,n,25,B,0,0,0,0,0,0,0,0,0,0,0,0,0,0,0,1,0,2,0,0,0,0
29-May-18,2018,1,n,25,C,0,0,0,0,0,0,0,0,0,0,0,0,100,0,0,0,0,0,0,0,1,0
29-May-18,2018,1,n,25,D,0,0,0,0,0,0,0,0,0,0,0,0,0,0,0,2,0,0,0,0,0,0
10-Jun-18,2018,2,n,1,A,0,0,0,0,0,0,0,0,0,0,0,0,0,0,0,0,0,4,0,0,0,0
10-Jun-18,2018,2,n,1,B,0,0,0,0,0,0,0,0,0,0,0,0,0,0,0,1,0,0,0,0,0,0
10-Jun-18,2018,2,n,1,C,0,0,0,0,0,0,0,0,0,0,0,0,0,0,0,0,0,3,0,0,1,0
10-Jun-18,2018,2,n,1,D,0,0,0,0,8,0,0,0,0,0,0,0,0,0,0,0,0,5,0,0,3,0
10-Jun-18,2018,2,n,2,A,0,0,0,0,0,0,0,0,0,0,0,0,0,0,0,0,0,6,0,0,0,0
10-Jun-18,2018,2,n,2,B,0,0,0,0,0,0,0,0,0,0,0,0,0,0,0,1,0,3,0,0,1,0
10-Jun-18,2018,2,n,2,C,0,0,0,0,0,0,0,0,0,0,0,0,0,0,0,0,0,7,0,0,0,0
10-Jun-18,2018,2,n,2,D,0,0,0,0,0,0,0,0,0,0,0,0,0,0,0,0,0,0,0,0,0,0
10-Jun-18,2018,2,n,3,A,0,0,0,0,0,0,0,0,0,0,0,0,0,0,0,0,0,3,0,0,0,0
10-Jun-18,2018,2,n,3,B,0,0,0,0,0,0,0,0,0,0,0,0,0,0,0,0,0,4,0,0,1,0
10-Jun-18,2018,2,n,3,C,0,0,0,0,0,0,0,0,0,0,0,0,0,0,0,0,0,5,0,0,0,0
10-Jun-18,2018,2,n,3,D,0,0,0,0,0,0,0,0,0,0,0,0,0,0,0,0,0,4,0,0,1,0
10-Jun-18,2018,2,n,4,A,0,0,0,0,0,0,0,0,0,0,2,0,0,0,0,0,0,4,0,0,0,0
10-Jun-18,2018,2,n,4,B,0,0,0,0,0,0,0,0,0,0,0,0,0,0,0,0,0,15,0,0,0,0
10-Jun-18,2018,2,n,4,C,0,0,0,0,0,0,0,0,0,0,0,0,0,0,0,0,0,8,0,0,0,0
10-Jun-18,2018,2,n,4,D,0,0,0,0,0,0,0,0,0,0,0,0,0,0,0,0,0,8,0,0,0,0
10-Jun-18,2018,2,n,5,A,0,0,0,0,0,0,0,0,0,0,0,0,0,0,0,0,0,11,0,0,0,0
10-Jun-18,2018,2,n,5,B,0,0,0,0,1,0,0,0,0,0,0,0,0,0,0,0,0,15,0,0,0,0
10-Jun-18,2018,2,n,5,C,0,0,0,0,0,0,0,0,0,0,0,0,0,0,0,0,0,7,0,0,0,0
10-Jun-18,2018,2,n,5,D,0,0,0,0,0,0,0,0,0,0,0,0,0,0,0,0,0,7,0,0,0,0
10-Jun-18,2018,2,n,6,A,0,0,0,0,0,0,0,0,0,0,1,0,0,0,0,0,0,5,0,0,2,0
10-Jun-18,2018,2,n,6,B,0,0,0,0,0,0,0,0,0,0,0,0,0,0,0,0,0,7,0,0,0,0
10-Jun-18,2018,2,n,6,C,0,0,0,0,6,0,0,0,0,0,0,0,0,0,0,0,0,9,0,0,0,0
10-Jun-18,2018,2,n,6,D,0,0,0,0,0,0,0,0,0,0,0,0,0,0,0,0,0,7,0,0,1,0
10-Jun-18,2018,2,n,7,A,0,0,0,0,0,0,0,0,0,0,0,0,0,0,0,0,0,0,0,0,0,0
10-Jun-18,2018,2,n,7,B,0,0,0,0,0,0,0,0,0,0,0,0,0,0,0,0,0,2,0,0,0,0
10-Jun-18,2018,2,n,7,C,0,0,0,0,0,0,0,0,0,0,0,0,0,0,0,0,0,2,0,0,0,0
10-Jun-18,2018,2,n,7,D,0,0,0,0,0,0,0,0,0,0,0,0,0,0,0,0,0,2,0,0,1,0
10-Jun-18,2018,2,n,8,A,0,0,0,0,0,0,0,0,0,0,0,0,0,0,0,0,0,1,0,0,3,0
10-Jun-18,2018,2,n,8,B,0,0,0,0,0,0,0,0,0,0,0,0,0,0,0,0,0,0,0,0,0,0
10-Jun-18,2018,2,n,8,C,0,0,0,0,0,0,0,0,0,0,0,0,0,0,0,0,0,0,0,0,2,0
10-Jun-18,2018,2,n,8,D,0,0,0,0,0,0,0,0,0,0,0,0,0,0,0,3,0,4,0,0,0,0
10-Jun-18,2018,2,n,9,A,0,0,0,0,0,0,0,0,0,0,0,0,0,0,0,0,0,1,0,0,1,0
10-Jun-18,2018,2,n,9,B,0,0,0,0,0,0,0,0,0,0,1,0,0,0,0,0,0,3,0,0,0,0
10-Jun-18,2018,2,n,9,C,0,0,0,0,0,0,0,0,0,0,0,0,0,0,0,0,0,7,0,0,0,0
10-Jun-18,2018,2,n,9,D,0,0,0,0,0,0,0,0,0,0,0,0,0,0,0,0,0,6,0,0,3,0
10-Jun-18,2018,2,n,10,A,0,0,0,0,0,0,0,0,0,0,0,0,0,0,0,0,0,3,0,0,2,0
10-Jun-18,2018,2,n,10,B,0,0,0,0,0,0,0,0,0,0,0,0,0,0,0,0,0,1,0,0,0,0
10-Jun-18,2018,2,n,10,C,0,0,0,0,0,0,0,0,0,0,0,0,0,0,0,0,0,0,0,0,0,0
10-Jun-18,2018,2,n,10,D,0,0,0,0,0,0,0,0,0,0,0,0,0,0,0,0,0,1,0,0,1,0
9-Jun-18,2018,2,n,11,A,0,0,0,0,0,0,3,0,0,0,0,0,0,0,0,0,0,3,0,0,0,0
9-Jun-18,2018,2,n,11,B,0,0,0,0,0,0,0,0,0,0,0,0,0,0,0,0,0,0,0,0,0,0
9-Jun-18,2018,2,n,11,C,0,0,0,0,0,0,0,0,0,0,0,0,0,0,0,0,0,10,0,0,0,0
9-Jun-18,2018,2,n,11,D,0,0,0,0,0,0,0,0,0,0,0,0,0,0,0,0,0,1,0,0,1,0
9-Jun-18,2018,2,n,12,A,0,0,0,0,3,0,0,0,0,0,1,0,0,0,0,1,0,6,0,0,0,0
9-Jun-18,2018,2,n,12,B,0,0,0,0,4,0,0,0,0,0,3,0,0,0,0,0,0,4,0,0,0,0
9-Jun-18,2018,2,n,12,C,0,0,0,0,2,0,0,0,0,0,0,0,0,0,0,0,0,21,0,0,0,0
9-Jun-18,2018,2,n,12,D,0,0,0,0,2,0,0,0,0,0,1,0,0,0,0,0,0,11,0,0,0,0
9-Jun-18,2018,2,n,13,A,0,0,0,0,0,0,0,0,0,0,0,0,0,0,0,2,0,5,0,0,1,0
9-Jun-18,2018,2,n,13,B,0,0,0,0,0,0,0,0,0,0,1,0,0,0,0,0,0,7,0,0,0,0
9-Jun-18,2018,2,n,13,C,0,0,0,0,0,0,0,0,0,0,3,0,0,0,0,0,0,3,0,0,0,0
9-Jun-18,2018,2,n,13,D,0,0,0,0,0,0,0,0,0,1,0,0,0,0,0,0,0,11,0,0,0,0
9-Jun-18,2018,2,n,14,A,0,0,0,0,3,0,0,0,0,0,0,0,0,0,0,0,0,4,0,0,3,0
9-Jun-18,2018,2,n,14,B,0,0,0,0,7,0,0,0,0,0,0,0,0,0,0,0,0,3,0,0,0,0
9-Jun-18,2018,2,n,14,C,0,0,0,0,2,0,0,0,0,0,0,0,0,0,0,0,0,9,0,0,1,0
9-Jun-18,2018,2,n,14,D,0,0,0,0,0,0,0,0,0,0,0,0,0,0,0,0,0,0,0,0,2,0
9-Jun-18,2018,2,n,15,A,0,0,0,0,4,0,0,0,0,0,6,0,0,0,0,0,0,0,0,0,0,0
9-Jun-18,2018,2,n,15,B,0,0,0,0,4,0,0,0,0,0,12,0,0,0,0,0,0,3,0,0,0,0
9-Jun-18,2018,2,n,15,C,0,0,0,0,1,0,0,0,0,0,6,0,0,0,0,0,0,5,0,0,0,0
9-Jun-18,2018,2,n,15,D,0,0,0,0,1,0,0,0,0,0,7,0,0,0,0,1,0,1,0,0,0,0
9-Jun-18,2018,2,n,16,A,0,0,0,0,1,0,0,0,0,0,1,0,0,0,0,0,0,1,0,0,1,0
9-Jun-18,2018,2,n,16,B,0,0,0,0,0,0,0,0,0,0,0,0,0,0,0,0,0,3,0,0,0,0
9-Jun-18,2018,2,n,16,C,0,0,0,0,5,0,0,0,0,0,0,0,0,0,0,0,0,0,0,0,0,0
9-Jun-18,2018,2,n,16,D,0,0,0,0,2,0,0,0,0,0,0,0,0,0,0,0,0,0,0,0,0,0
9-Jun-18,2018,2,n,17,A,0,0,0,0,0,0,5,0,0,0,0,0,0,0,0,0,0,0,0,0,0,0
9-Jun-18,2018,2,n,17,B,0,0,0,0,0,0,0,0,0,0,0,0,0,0,0,0,0,0,0,0,0,0
9-Jun-18,2018,2,n,17,C,0,0,0,0,0,0,0,0,3,0,0,0,0,0,0,2,0,5,0,0,0,0
9-Jun-18,2018,2,n,17,D,0,0,0,0,0,0,0,0,0,0,0,0,0,0,0,0,0,1,0,0,0,0
9-Jun-18,2018,2,n,18,A,0,0,0,0,0,0,0,0,0,0,0,0,0,0,0,0,0,1,0,0,0,0
9-Jun-18,2018,2,n,18,B,0,0,0,0,0,0,0,0,0,0,0,0,0,0,0,0,0,3,0,0,0,0
9-Jun-18,2018,2,n,18,C,0,0,0,0,0,0,0,0,2,0,0,0,0,0,0,0,0,2,0,0,1,0
9-Jun-18,2018,2,n,18,D,0,0,0,0,0,0,0,0,0,0,0,0,0,0,0,0,0,0,0,0,0,0
9-Jun-18,2018,2,n,19,A,0,0,0,0,0,0,0,0,0,0,0,0,0,0,0,0,0,1,0,0,1,0
9-Jun-18,2018,2,n,19,B,0,0,0,0,0,0,0,0,11,0,0,0,0,0,0,0,0,1,0,0,0,0
9-Jun-18,2018,2,n,19,C,0,0,0,0,0,0,0,0,8,0,0,0,0,0,0,1,0,0,0,0,0,0
9-Jun-18,2018,2,n,19,D,0,0,0,0,0,0,0,0,1,0,0,0,0,0,0,0,0,0,0,0,1,0
9-Jun-18,2018,2,n,20,A,0,0,0,0,0,0,0,0,0,0,2,0,0,0,0,0,0,5,0,0,2,0
9-Jun-18,2018,2,n,20,B,0,0,0,0,1,0,0,0,3,0,8,0,0,0,0,0,0,6,0,0,1,0
9-Jun-18,2018,2,n,20,C,0,0,0,0,1,0,0,0,4,0,10,0,0,0,0,0,0,2,0,0,0,0
9-Jun-18,2018,2,n,20,D,0,0,0,0,0,0,0,0,0,0,0,0,0,0,0,0,0,0,0,0,0,0
9-Jun-18,2018,2,n,21,A,0,0,0,0,0,0,0,0,0,0,0,0,0,0,0,1,0,0,0,0,1,0
9-Jun-18,2018,2,n,21,B,0,0,0,0,0,0,0,0,0,0,0,0,0,0,0,0,0,6,0,0,0,0
9-Jun-18,2018,2,n,21,C,0,0,0,0,0,0,0,0,0,0,0,0,0,0,0,0,0,11,0,0,1,0
9-Jun-18,2018,2,n,21,D,0,0,0,0,0,0,0,0,0,0,0,0,0,0,0,0,0,5,0,0,0,0
9-Jun-18,2018,2,n,22,A,0,0,0,0,0,0,94,0,0,0,0,0,0,0,0,0,0,1,0,0,0,0
9-Jun-18,2018,2,n,22,B,0,0,0,0,0,0,0,0,0,0,0,0,0,0,0,0,0,0,0,0,0,0
9-Jun-18,2018,2,n,22,C,0,0,0,0,0,0,2,0,0,0,0,0,0,0,0,0,0,0,0,0,1,0
9-Jun-18,2018,2,n,22,D,0,0,0,0,0,0,0,0,1,0,0,0,0,0,0,0,0,6,0,0,0,0
9-Jun-18,2018,2,n,23,A,0,0,0,0,0,0,0,0,0,0,0,0,0,0,0,0,0,13,0,0,0,0
9-Jun-18,2018,2,n,23,B,0,0,0,0,1,0,0,0,0,0,0,0,0,0,0,0,0,9,0,0,1,0
9-Jun-18,2018,2,n,23,C,0,0,0,0,0,0,0,0,0,0,0,0,0,0,0,0,0,22,0,0,0,0
9-Jun-18,2018,2,n,23,D,0,0,0,0,17,0,0,0,0,0,2,0,0,0,0,1,0,13,0,0,0,0
9-Jun-18,2018,2,n,24,A,0,0,0,0,0,0,0,0,0,0,0,0,0,0,0,0,0,8,0,0,0,0
9-Jun-18,2018,2,n,24,B,0,0,0,0,4,0,0,0,0,1,0,0,0,0,0,1,0,4,0,0,1,0
9-Jun-18,2018,2,n,24,C,0,0,0,0,0,0,0,0,0,0,0,0,0,0,0,0,0,5,0,0,0,0
9-Jun-18,2018,2,n,24,D,0,0,0,0,3,0,0,0,0,0,0,0,0,0,0,0,0,11,0,0,1,0
9-Jun-18,2018,2,n,25,A,0,0,0,0,0,0,0,0,0,0,0,0,0,0,0,2,0,9,0,0,0,0
9-Jun-18,2018,2,n,25,B,0,0,0,0,0,0,0,0,0,0,4,0,0,0,0,0,0,2,2,0,0,0
9-Jun-18,2018,2,n,25,C,0,0,0,0,0,0,0,0,0,0,0,0,0,0,0,0,0,2,0,0,0,0
9-Jun-18,2018,2,n,25,D,0,0,0,0,0,0,0,0,0,0,0,0,0,0,0,1,0,5,0,0,1,0
18-Jun-18,2018,3,1,1,A,0,0,0,2,0,0,0,0,0,0,0,4,1,0,0,0,0,4,0,0,0,0
18-Jun-18,2018,3,1,1,B,0,0,0,2,0,0,0,0,0,0,1,0,0,0,0,0,0,4,0,0,0,0
18-Jun-18,2018,3,1,1,C,0,0,0,1,0,0,0,0,0,0,0,0,4,0,0,0,0,3,0,0,0,0
18-Jun-18,2018,3,1,1,D,0,0,0,2,6,0,0,0,0,0,0,0,4,0,0,0,0,7,0,0,2,0
18-Jun-18,2018,3,1,2,A,0,0,0,0,0,0,0,0,0,0,0,2,40,0,0,0,0,3,0,0,1,0
18-Jun-18,2018,3,1,2,B,0,0,0,0,0,0,0,0,0,0,0,0,20,0,0,1,0,0,0,0,1,0
18-Jun-18,2018,3,1,2,C,0,0,0,0,0,0,0,0,0,0,0,1,20,0,0,0,0,1,0,0,0,0
18-Jun-18,2018,3,1,2,D,0,0,0,0,0,0,0,0,0,0,0,0,2,0,0,0,0,4,0,0,0,0
17-Jun-18,2018,3,1,3,A,0,0,0,0,0,0,0,0,0,0,0,2,40,0,0,0,0,9,0,0,0,0
17-Jun-18,2018,3,1,3,B,0,0,0,0,0,0,0,0,0,0,0,4,140,0,0,0,0,13,0,0,1,0
17-Jun-18,2018,3,1,3,C,0,0,0,0,0,0,0,0,0,0,0,5,140,0,0,0,0,7,0,0,0,0
17-Jun-18,2018,3,1,3,D,0,0,0,0,0,0,0,0,0,0,0,1,100,0,0,0,0,9,0,0,1,0
17-Jun-18,2018,3,1,4,A,0,0,0,0,0,0,0,0,0,0,0,2,100,0,0,0,0,2,0,0,0,0
17-Jun-18,2018,3,1,4,B,0,0,0,0,0,0,0,0,0,0,0,1,380,0,0,0,0,7,0,0,0,0
17-Jun-18,2018,3,1,4,C,0,0,0,0,0,0,0,0,0,0,0,2,40,0,0,0,0,5,0,0,0,0
17-Jun-18,2018,3,1,4,D,0,0,0,0,0,0,0,0,0,0,0,1,180,0,0,0,0,2,0,0,1,0
17-Jun-18,2018,3,1,5,A,0,0,0,0,0,0,0,0,0,0,0,0,480,0,0,0,0,9,0,0,2,0
17-Jun-18,2018,3,1,5,B,0,0,0,0,2,0,0,0,0,0,0,0,380,0,0,0,0,8,0,0,0,0
17-Jun-18,2018,3,1,5,C,1,0,0,0,0,0,0,0,0,0,1,0,260,0,0,0,0,3,0,0,0,0
17-Jun-18,2018,3,1,5,D,0,0,0,0,0,0,0,0,0,0,0,0,100,0,0,0,0,4,0,0,0,0
17-Jun-18,2018,3,1,6,A,0,0,0,0,0,0,0,0,0,0,0,0,100,0,0,0,0,4,0,0,0,0
17-Jun-18,2018,3,1,6,B,0,0,0,0,0,0,0,0,0,0,0,0,140,0,0,0,0,8,0,0,0,0
17-Jun-18,2018,3,1,6,C,0,0,0,0,11,0,0,0,0,0,0,9,420,0,0,0,0,2,0,0,1,0
17-Jun-18,2018,3,1,6,D,0,0,0,0,0,0,0,0,0,0,0,0,40,0,0,0,0,4,0,0,1,0
17-Jun-18,2018,3,1,7,A,0,0,0,0,0,0,0,0,0,0,0,2,80,0,0,0,0,4,0,0,0,0
17-Jun-18,2018,3,1,7,B,0,0,0,0,0,0,0,0,0,0,0,0,480,0,0,0,0,9,0,0,1,0
17-Jun-18,2018,3,1,7,C,0,0,0,0,0,0,0,0,0,0,0,0,240,0,0,0,0,4,0,0,0,0
17-Jun-18,2018,3,1,7,D,0,0,0,0,0,0,0,0,0,0,0,0,100,0,0,0,0,7,0,0,0,0
17-Jun-18,2018,3,1,8,A,0,0,0,0,0,0,0,0,0,0,0,0,360,0,0,0,0,4,0,0,2,0
17-Jun-18,2018,3,1,8,B,2,0,0,0,0,0,0,0,0,0,0,0,480,0,0,0,0,5,0,0,1,0
17-Jun-18,2018,3,1,8,C,0,0,0,0,0,0,0,0,0,0,0,1,520,0,0,0,0,2,0,0,5,0
17-Jun-18,2018,3,1,8,D,0,0,0,0,0,0,0,0,0,0,0,0,480,0,0,0,0,4,0,0,0,0
18-Jun-18,2018,3,1,9,A,0,0,0,0,0,0,0,0,0,0,0,0,20,0,0,0,0,18,0,0,0,0
18-Jun-18,2018,3,1,9,B,0,0,0,0,0,0,0,0,0,0,2,0,180,0,0,0,0,8,0,0,0,0
18-Jun-18,2018,3,1,9,C,0,0,0,0,1,0,0,0,0,0,0,0,100,0,0,0,0,11,0,0,0,0
18-Jun-18,2018,3,1,9,D,0,0,0,0,0,0,0,0,0,0,0,0,40,0,0,0,0,24,0,0,1,0
19-Jun-18,2018,3,1,10,A,0,0,0,0,0,0,0,0,0,0,0,15,200,0,0,0,0,8,0,0,0,1
19-Jun-18,2018,3,1,10,B,0,0,0,0,0,0,0,0,0,0,0,0,60,0,0,0,0,14,0,0,1,0
19-Jun-18,2018,3,1,10,C,0,0,0,0,0,0,0,0,0,0,0,2,60,0,0,0,0,5,0,0,0,0
19-Jun-18,2018,3,1,10,D,0,0,0,0,0,0,0,0,0,0,0,1,100,0,0,0,0,9,0,0,0,0
16-Jun-18,2018,3,1,11,A,0,0,0,0,0,0,4,0,0,0,0,0,0,0,0,0,0,7,0,0,0,0
16-Jun-18,2018,3,1,11,B,0,0,0,0,0,0,0,0,0,0,0,0,0,0,0,0,0,1,0,0,0,0
16-Jun-18,2018,3,1,11,C,0,0,0,0,0,0,0,0,0,0,0,0,5,0,0,0,0,5,0,0,1,0
16-Jun-18,2018,3,1,11,D,0,0,0,0,0,0,0,0,0,0,0,0,3,0,0,0,0,5,0,0,0,0
16-Jun-18,2018,3,1,12,A,0,0,0,0,4,0,0,0,0,0,0,1,20,0,0,0,0,4,0,0,0,0
16-Jun-18,2018,3,1,12,B,0,0,0,0,9,0,0,0,0,0,12,1,0,0,0,0,0,6,0,0,0,0
16-Jun-18,2018,3,1,12,C,0,0,0,0,2,0,0,0,0,0,0,7,0,0,0,0,0,7,0,0,0,0
16-Jun-18,2018,3,1,12,D,0,0,0,0,2,0,0,0,0,0,0,0,2,0,0,0,0,6,0,0,0,0
16-Jun-18,2018,3,1,13,A,0,0,0,0,0,0,0,0,0,0,0,0,0,0,0,0,0,2,0,0,0,0
16-Jun-18,2018,3,1,13,B,0,0,0,0,0,0,0,0,0,0,2,0,0,0,0,0,0,12,0,0,0,0
16-Jun-18,2018,3,1,13,C,0,0,0,0,0,0,0,0,0,0,1,0,0,0,0,0,0,5,0,0,0,0
16-Jun-18,2018,3,1,13,D,0,0,0,0,0,0,0,0,0,0,1,1,0,0,0,1,0,12,0,0,0,0
16-Jun-18,2018,3,1,14,A,0,0,0,0,4,0,0,0,0,0,0,11,0,0,0,2,0,3,0,0,1,0
16-Jun-18,2018,3,1,14,B,0,0,0,0,11,0,0,0,0,0,0,0,4,0,0,0,0,3,0,0,0,0
16-Jun-18,2018,3,1,14,C,0,0,0,0,3,0,0,0,0,0,1,9,0,0,0,0,0,5,0,0,1,0
16-Jun-18,2018,3,1,14,D,0,0,0,0,2,0,0,0,0,0,0,0,0,0,0,0,0,1,0,0,2,0
16-Jun-18,2018,3,1,15,A,0,0,0,0,4,0,0,0,0,0,0,0,0,0,0,0,0,5,0,0,0,0
16-Jun-18,2018,3,1,15,B,0,0,0,0,6,0,0,0,0,0,16,0,0,0,0,0,0,2,0,0,0,0
16-Jun-18,2018,3,1,15,C,0,0,0,0,8,0,0,0,0,0,3,0,0,0,0,0,0,0,0,0,0,0
16-Jun-18,2018,3,1,15,D,0,0,0,0,5,0,0,0,0,0,5,0,0,0,0,1,0,4,0,0,0,0
16-Jun-18,2018,3,1,16,A,0,0,0,0,3,0,0,0,0,0,0,0,0,0,0,0,0,4,0,0,0,0
16-Jun-18,2018,3,1,16,B,0,0,0,0,1,0,0,0,0,0,0,0,0,0,0,0,0,3,0,0,0,0
16-Jun-18,2018,3,1,16,C,0,0,0,0,12,0,0,0,0,0,0,0,40,0,0,0,0,0,0,0,0,0
16-Jun-18,2018,3,1,16,D,0,0,0,0,4,0,0,0,0,0,0,0,0,0,0,0,0,1,0,0,0,0
19-Jun-18,2018,3,1,17,A,1,0,0,0,0,0,1,0,0,0,0,7,80,0,0,0,0,5,0,0,0,0
19-Jun-18,2018,3,1,17,B,0,0,0,0,0,0,0,0,0,0,0,2,80,0,0,0,0,6,0,0,0,0
19-Jun-18,2018,3,1,17,C,0,0,0,0,0,0,0,0,0,0,0,28,60,0,0,0,0,5,0,0,0,0
19-Jun-18,2018,3,1,17,D,0,0,0,0,0,0,0,0,0,0,0,3,100,0,0,0,0,5,0,0,0,0
24-Jun-18,2018,3,n,18,A,8,0,0,0,0,0,0,0,0,1,0,2,0,0,0,0,0,0,0,0,1,0
24-Jun-18,2018,3,n,18,B,0,0,0,0,0,0,0,0,0,0,0,6,0,0,0,0,0,0,0,0,1,0
24-Jun-18,2018,3,n,18,C,1,0,0,0,0,0,0,0,0,0,0,6,0,0,0,0,0,1,0,0,0,0
24-Jun-18,2018,3,n,18,D,1,0,0,0,0,0,0,0,0,0,0,0,0,0,0,0,0,0,0,0,0,0
18-Jun-18,2018,3,1,19,A,0,0,0,0,0,0,0,0,0,0,0,2,20,0,0,0,0,3,0,0,0,0
18-Jun-18,2018,3,1,19,B,0,0,0,0,0,0,0,0,2,0,0,8,80,0,0,0,0,6,0,0,0,0
18-Jun-18,2018,3,1,19,C,0,0,0,0,0,0,0,0,0,0,0,8,200,0,0,0,0,0,0,0,0,0
18-Jun-18,2018,3,1,19,D,0,0,0,0,0,0,0,0,0,0,0,4,20,0,0,0,0,0,2,0,0,0
18-Jun-18,2018,3,1,20,A,0,0,0,0,1,0,0,0,0,0,4,7,40,0,0,0,0,5,0,0,0,0
18-Jun-18,2018,3,1,20,B,0,0,0,0,3,0,0,0,0,0,9,0,40,0,0,0,0,6,0,0,0,0
18-Jun-18,2018,3,1,20,C,0,0,0,0,2,0,0,0,0,0,20,0,20,0,0,0,0,3,0,0,0,0
18-Jun-18,2018,3,1,20,D,0,0,0,0,0,0,0,0,0,0,9,0,20,0,0,0,0,1,0,0,0,0
18-Jun-18,2018,3,1,21,A,0,0,0,0,0,0,0,0,0,0,0,28,400,0,0,0,0,0,0,0,0,0
18-Jun-18,2018,3,1,21,B,0,0,0,0,0,0,0,0,0,0,0,0,560,0,0,0,0,12,0,0,0,0
18-Jun-18,2018,3,1,21,C,0,0,0,0,0,0,0,0,0,0,0,8,160,0,0,0,0,9,0,0,0,0
18-Jun-18,2018,3,1,21,D,0,0,0,0,0,0,0,0,0,0,0,5,580,0,0,0,0,1,0,0,1,0
19-Jun-18,2018,3,1,22,A,0,0,0,0,0,0,0,0,0,0,0,0,820,0,0,0,0,0,0,0,0,0
19-Jun-18,2018,3,1,22,B,0,0,0,0,0,0,96,0,0,0,0,0,320,0,0,0,0,4,0,0,0,0
19-Jun-18,2018,3,1,22,C,0,0,0,0,0,0,0,0,0,0,0,0,360,0,0,0,0,3,0,0,0,0
19-Jun-18,2018,3,1,22,D,0,0,0,0,0,0,0,0,0,0,0,4,440,0,0,0,0,6,0,0,0,0
19-Jun-18,2018,3,1,23,A,1,0,0,0,0,0,0,0,0,0,0,0,80,0,0,0,0,5,0,0,1,0
19-Jun-18,2018,3,1,23,B,0,0,0,0,4,0,0,0,0,0,0,0,20,0,0,0,0,5,0,0,0,0
19-Jun-18,2018,3,1,23,C,0,0,0,0,0,0,0,0,0,0,0,0,60,0,0,0,0,10,0,0,0,0
19-Jun-18,2018,3,1,23,D,1,0,0,0,31,0,0,0,0,0,13,2,20,0,0,0,0,3,0,0,0,0
19-Jun-18,2018,3,1,24,A,0,0,0,0,0,0,0,0,0,0,0,26,300,0,0,0,0,7,0,0,0,0
19-Jun-18,2018,3,1,24,B,0,0,0,0,1,0,0,0,0,11,0,0,40,0,0,0,0,2,0,0,0,0
19-Jun-18,2018,3,1,24,C,3,0,0,0,0,0,0,0,0,0,0,5,160,0,0,0,0,4,0,0,0,0
19-Jun-18,2018,3,1,24,D,3,0,0,0,3,0,0,0,0,0,0,4,20,0,0,0,0,3,0,0,0,0
19-Jun-18,2018,3,1,25,A,0,0,0,0,0,0,0,0,0,0,4,3,80,0,0,0,0,4,0,0,0,0
19-Jun-18,2018,3,1,25,B,0,0,0,0,0,0,0,0,0,0,17,11,20,0,0,0,0,6,0,0,1,0
19-Jun-18,2018,3,1,25,C,1,0,0,0,1,0,0,0,0,0,0,20,120,0,0,0,0,1,0,0,0,0
19-Jun-18,2018,3,1,25,D,1,0,0,0,0,0,0,0,0,0,0,9,100,0,0,0,0,5,0,0,1,0
28-Jun-18,2018,4,n,1,A,1,0,0,0,0,0,0,0,0,0,4,0,0,0,0,0,0,1,0,0,0,0
28-Jun-18,2018,4,n,1,B,0,0,0,0,0,0,0,0,0,0,6,0,2,0,0,0,0,1,0,0,0,0
28-Jun-18,2018,4,n,1,C,0,0,0,0,0,0,0,0,0,0,1,0,1,0,0,0,0,0,0,0,0,0
28-Jun-18,2018,4,n,1,D,1,0,0,0,11,0,0,0,0,0,0,0,0,0,0,0,0,0,0,0,1,0
28-Jun-18,2018,4,n,2,A,0,0,0,0,0,0,0,0,0,0,0,0,5,0,0,0,0,1,0,0,0,0
28-Jun-18,2018,4,n,2,B,0,0,0,0,0,0,0,0,0,0,0,0,4,0,0,0,0,0,0,0,0,0
28-Jun-18,2018,4,n,2,C,1,0,0,0,0,0,0,0,0,0,0,0,2,0,0,0,0,0,0,0,0,0
28-Jun-18,2018,4,n,2,D,1,0,0,0,0,0,0,0,0,0,0,0,3,0,0,0,0,1,0,0,0,0
28-Jun-18,2018,4,n,3,A,0,0,0,0,0,0,0,0,0,0,0,0,6,0,0,0,0,6,0,0,0,0
28-Jun-18,2018,4,n,3,B,0,0,0,0,0,0,0,0,0,0,0,0,5,0,0,0,0,6,0,0,0,0
28-Jun-18,2018,4,n,3,C,0,0,0,0,0,0,0,0,0,0,0,0,80,0,0,0,0,6,0,0,0,0
28-Jun-18,2018,4,n,3,D,3,0,0,0,0,0,0,0,0,0,0,0,2,0,0,0,0,7,0,0,0,0
28-Jun-18,2018,4,n,4,A,0,0,0,0,0,0,0,0,0,0,0,0,80,0,0,0,0,3,0,0,0,5
28-Jun-18,2018,4,n,4,B,0,0,0,0,0,0,0,0,0,0,0,0,17,0,0,0,0,4,0,0,0,1
28-Jun-18,2018,4,n,4,C,0,0,0,0,0,0,0,0,0,0,0,0,15,0,0,0,0,12,0,0,0,1
28-Jun-18,2018,4,n,4,D,0,0,0,0,0,0,0,0,0,0,0,0,2,0,0,0,0,4,0,0,0,1
28-Jun-18,2018,4,n,5,A,0,0,0,0,0,0,0,0,0,0,0,0,60,0,0,0,0,7,0,0,0,0
28-Jun-18,2018,4,n,5,B,0,0,0,0,0,0,0,0,0,0,0,0,10,0,0,0,0,7,0,0,0,0
28-Jun-18,2018,4,n,5,C,1,0,0,0,0,0,0,0,0,0,0,0,60,0,0,0,0,6,0,0,0,0
28-Jun-18,2018,4,n,5,D,1,0,0,0,0,0,0,0,0,0,0,0,60,0,0,0,0,2,0,0,0,0
28-Jun-18,2018,4,n,6,A,0,0,0,0,0,0,0,0,0,0,0,0,80,0,0,0,0,2,0,0,0,0
28-Jun-18,2018,4,n,6,B,4,0,0,0,0,0,0,0,0,0,0,0,15,0,0,0,0,3,0,0,0,0
28-Jun-18,2018,4,n,6,C,3,0,0,0,16,0,0,0,0,0,0,0,80,0,0,0,0,0,0,0,0,0
28-Jun-18,2018,4,n,6,D,0,0,0,0,0,0,0,0,0,0,0,0,13,0,0,0,0,5,0,0,0,0
28-Jun-18,2018,4,n,7,A,7,0,0,0,0,0,0,0,0,0,0,0,13,0,0,0,0,4,0,0,0,0
28-Jun-18,2018,4,n,7,B,1,0,0,0,0,0,0,0,0,0,0,0,9,0,0,0,0,5,0,0,0,0
28-Jun-18,2018,4,n,7,C,0,0,0,0,0,0,0,0,0,0,0,0,60,0,0,0,0,9,0,0,0,0
28-Jun-18,2018,4,n,7,D,1,0,0,0,0,0,0,0,0,0,0,0,12,0,0,0,0,8,0,0,0,0
28-Jun-18,2018,4,n,8,A,3,0,0,0,0,0,0,0,0,0,0,0,9,0,0,0,0,8,0,0,0,0
28-Jun-18,2018,4,n,8,B,4,0,0,0,0,0,0,0,0,0,0,0,11,0,0,0,0,10,0,0,0,0
28-Jun-18,2018,4,n,8,C,2,0,0,0,0,0,0,0,0,0,0,0,6,0,0,0,0,11,0,0,0,0
28-Jun-18,2018,4,n,8,D,5,0,0,0,0,0,0,0,0,0,0,0,7,0,0,0,0,5,0,0,0,0
28-Jun-18,2018,4,n,9,A,0,0,0,0,0,0,0,0,0,0,0,0,0,0,0,0,0,13,0,0,0,0
28-Jun-18,2018,4,n,9,B,3,0,0,0,0,0,0,0,0,0,0,0,0,0,0,0,0,7,0,0,0,0
28-Jun-18,2018,4,n,9,C,0,0,0,0,0,0,0,0,0,0,0,0,0,0,0,0,0,15,0,0,0,0
28-Jun-18,2018,4,n,9,D,1,0,0,0,0,0,0,0,0,0,0,0,0,0,0,0,0,9,0,0,0,0
28-Jun-18,2018,4,n,10,A,1,0,0,0,0,0,0,0,0,0,0,0,300,0,0,0,0,0,0,0,0,1
28-Jun-18,2018,4,n,10,B,0,0,0,0,0,0,0,0,0,0,0,0,8,0,0,0,0,7,0,0,0,0
28-Jun-18,2018,4,n,10,C,0,0,0,0,0,0,0,0,0,0,0,0,40,0,0,0,0,1,0,0,0,0
28-Jun-18,2018,4,n,10,D,0,0,0,0,0,0,0,0,0,0,0,0,2,0,0,0,0,3,0,0,0,0
28-Jun-18,2018,4,n,11,A,0,0,0,0,0,0,0,0,0,0,0,0,180,0,0,0,0,3,0,0,0,0
28-Jun-18,2018,4,n,11,B,0,0,1,0,0,0,0,0,0,0,0,0,1,0,0,0,0,5,0,0,0,0
28-Jun-18,2018,4,n,11,C,0,0,0,0,0,0,0,0,0,0,0,0,4,0,0,0,0,4,0,0,0,0
28-Jun-18,2018,4,n,11,D,0,0,0,0,0,0,0,0,0,0,0,0,0,0,0,0,0,1,0,0,0,0
28-Jun-18,2018,4,n,12,A,0,0,0,0,21,3,3,0,0,0,0,0,1,0,0,0,0,2,0,0,0,0
28-Jun-18,2018,4,n,12,B,0,0,0,0,22,0,0,0,0,0,15,0,0,0,0,0,3,2,0,0,0,0
28-Jun-18,2018,4,n,12,C,0,0,0,0,8,6,8,0,0,0,2,0,14,0,0,0,4,11,0,0,0,0
28-Jun-18,2018,4,n,12,D,0,0,0,0,5,0,0,0,0,0,0,0,0,0,0,0,0,0,0,0,0,0
28-Jun-18,2018,4,n,13,A,0,0,0,0,0,1,19,0,0,0,0,75,0,0,0,0,0,0,0,0,0,0
28-Jun-18,2018,4,n,13,B,0,0,0,0,0,1,0,0,0,0,4,4,0,0,0,0,0,0,0,6,0,0
28-Jun-18,2018,4,n,13,C,0,0,0,0,0,0,0,0,0,0,0,2,0,0,0,0,0,1,0,0,0,0
28-Jun-18,2018,4,n,13,D,0,0,0,0,0,0,1,0,0,0,0,4,0,0,0,0,0,6,0,5,0,0
28-Jun-18,2018,4,n,14,A,0,0,0,0,0,0,0,0,0,0,0,0,0,0,0,0,0,3,0,0,0,0
28-Jun-18,2018,4,n,14,B,0,0,0,0,0,0,0,0,0,0,0,0,0,0,0,0,0,0,0,0,0,0
28-Jun-18,2018,4,n,14,C,0,0,0,0,0,0,0,0,0,0,0,0,0,0,0,0,0,2,0,0,0,0
28-Jun-18,2018,4,n,14,D,0,0,0,0,0,0,0,0,0,0,0,0,0,0,0,0,0,0,0,0,0,0
28-Jun-18,2018,4,n,15,A,0,0,0,0,0,0,0,0,0,0,0,0,0,0,0,0,0,1,0,0,0,0
28-Jun-18,2018,4,n,15,B,0,0,0,0,0,0,0,0,0,0,0,0,0,0,0,0,0,0,0,0,0,0
28-Jun-18,2018,4,n,15,C,0,0,0,0,0,0,0,0,0,0,0,0,0,0,0,0,0,0,0,0,0,0
28-Jun-18,2018,4,n,15,D,0,0,0,0,0,0,0,0,0,0,0,0,0,0,0,0,0,0,0,0,0,0
28-Jun-18,2018,4,n,16,A,0,0,0,0,0,0,0,0,0,0,0,0,0,0,0,0,0,1,0,0,0,0
28-Jun-18,2018,4,n,16,B,0,0,0,0,0,0,0,0,0,0,0,0,0,0,0,0,0,0,0,0,0,0
28-Jun-18,2018,4,n,16,C,0,0,0,0,0,0,0,0,0,0,0,0,0,0,0,0,0,0,0,0,0,0
28-Jun-18,2018,4,n,16,D,0,0,0,0,0,0,0,0,0,0,0,0,0,0,0,0,0,0,0,0,0,0
28-Jun-18,2018,4,n,17,A,0,0,0,0,0,0,0,0,0,0,0,0,0,0,0,0,0,1,0,0,0,0
28-Jun-18,2018,4,n,17,B,0,0,0,0,0,0,0,0,0,0,0,0,0,0,0,0,0,1,0,0,0,0
28-Jun-18,2018,4,n,17,C,0,0,0,0,0,0,0,0,0,0,0,0,0,0,0,0,0,0,0,0,0,0
28-Jun-18,2018,4,n,17,D,0,0,0,0,0,0,0,0,0,0,0,0,0,0,0,0,0,1,0,0,0,0
28-Jun-18,2018,4,n,18,A,0,0,0,0,0,0,0,0,0,0,0,0,0,0,0,0,0,0,0,0,0,0
28-Jun-18,2018,4,n,18,B,0,0,0,0,0,0,0,0,0,0,0,0,0,0,0,0,0,1,0,0,0,0
28-Jun-18,2018,4,n,18,C,0,0,0,0,0,0,0,0,0,0,0,0,0,0,0,0,0,2,0,0,0,0
28-Jun-18,2018,4,n,18,D,0,0,0,0,0,0,0,0,0,0,0,0,0,0,0,0,0,0,0,0,0,0
28-Jun-18,2018,4,n,19,A,0,0,0,0,0,0,0,0,0,0,0,0,0,0,0,0,0,3,0,0,0,0
28-Jun-18,2018,4,n,19,B,0,0,0,0,0,0,0,0,0,0,0,0,0,0,0,0,0,3,0,0,0,0
28-Jun-18,2018,4,n,19,C,0,0,0,0,0,0,0,0,0,0,0,0,0,0,0,0,0,0,0,0,0,0
28-Jun-18,2018,4,n,19,D,0,0,0,0,0,0,0,0,0,0,0,0,0,0,0,0,0,0,0,0,0,0
28-Jun-18,2018,4,n,20,A,0,0,0,0,0,0,0,0,0,0,0,0,0,0,0,0,0,0,0,0,0,0
28-Jun-18,2018,4,n,20,B,0,0,0,0,0,0,0,0,0,0,0,0,0,0,0,0,0,1,0,0,0,0
28-Jun-18,2018,4,n,20,C,0,0,0,0,0,0,0,0,0,0,0,0,0,0,0,0,0,6,0,0,0,0
28-Jun-18,2018,4,n,20,D,0,0,0,0,0,0,0,0,0,0,0,0,0,0,0,0,0,0,0,0,0,0
28-Jun-18,2018,4,n,21,A,0,0,0,0,0,0,0,0,0,0,0,0,0,0,0,0,0,0,0,0,0,0
28-Jun-18,2018,4,n,21,B,0,0,0,0,0,0,0,0,0,0,0,0,0,0,0,0,0,4,0,0,0,0
28-Jun-18,2018,4,n,21,C,0,0,0,0,0,0,0,0,0,0,0,0,0,0,0,0,0,3,0,0,0,0
28-Jun-18,2018,4,n,21,D,0,0,0,0,0,0,0,0,0,0,0,0,0,0,0,0,0,2,0,0,0,0
28-Jun-18,2018,4,n,22,A,0,0,0,0,0,0,0,0,0,0,0,0,0,0,0,0,0,0,0,0,0,0
28-Jun-18,2018,4,n,22,B,0,0,0,0,0,0,0,0,0,0,0,0,0,0,0,0,0,5,0,0,0,0
28-Jun-18,2018,4,n,22,C,0,0,0,0,0,0,0,0,0,0,0,0,0,0,0,0,0,2,0,0,0,0
28-Jun-18,2018,4,n,22,D,0,0,0,0,0,0,0,0,0,0,0,0,0,0,0,0,0,2,0,0,0,0
28-Jun-18,2018,4,n,23,A,0,0,0,0,0,0,0,0,0,0,0,0,0,0,0,0,0,8,0,0,0,0
28-Jun-18,2018,4,n,23,B,0,0,0,0,0,0,0,0,0,0,0,0,0,0,0,0,0,5,0,0,0,0
28-Jun-18,2018,4,n,23,C,0,0,0,0,0,0,0,0,0,0,0,0,0,0,0,0,0,6,0,0,0,0
28-Jun-18,2018,4,n,23,D,0,0,0,0,0,0,0,0,0,0,0,0,0,0,0,0,0,0,0,0,0,0
28-Jun-18,2018,4,n,24,A,0,0,0,0,0,0,0,0,0,0,0,0,0,0,0,0,0,2,0,0,0,0
28-Jun-18,2018,4,n,24,B,0,0,0,0,0,0,0,0,0,0,0,0,0,0,0,0,0,0,0,0,0,0
28-Jun-18,2018,4,n,24,C,0,0,0,0,0,0,0,0,0,0,0,0,0,0,0,0,0,2,0,0,0,0
28-Jun-18,2018,4,n,24,D,0,0,0,0,0,0,0,0,0,0,0,0,0,0,0,0,0,2,0,0,0,0
28-Jun-18,2018,4,n,25,A,0,0,0,0,0,8,0,0,0,0,1,1,40,0,0,0,0,1,0,0,0,0
28-Jun-18,2018,4,n,25,B,0,0,0,0,0,0,0,0,0,0,0,0,0,0,0,0,0,2,0,0,0,0
28-Jun-18,2018,4,n,25,C,0,0,0,0,0,0,0,0,0,0,0,0,0,0,0,0,0,0,0,0,0,0
28-Jun-18,2018,4,n,25,D,2,0,0,0,0,1,0,0,0,0,0,3,11,0,0,0,0,0,0,0,0,0
15-Jul-18,2018,5,2,1,A,4,0,0,0,0,0,0,0,0,0,0,201,0,0,0,0,0,0,0,0,0,0
15-Jul-18,2018,5,2,1,B,0,0,0,0,0,0,0,0,0,0,0,17,0,0,0,0,0,0,0,0,0,0
15-Jul-18,2018,5,2,1,C,0,0,0,0,0,0,0,0,0,0,0,21,0,0,0,0,0,0,0,0,0,0
15-Jul-18,2018,5,2,1,D,3,0,0,0,6,0,0,0,0,0,0,28,0,0,0,0,0,0,0,0,0,0
14-Jul-18,2018,5,2,2,A,2,0,0,0,0,0,0,0,0,0,0,43,0,0,0,0,0,0,0,0,0,1
14-Jul-18,2018,5,2,2,B,1,0,0,0,1,0,0,0,0,0,0,20,0,0,0,0,0,0,0,0,0,0
14-Jul-18,2018,5,2,2,C,1,0,0,0,0,0,0,0,0,0,0,79,0,0,0,0,0,0,0,0,0,0
14-Jul-18,2018,5,2,2,D,2,0,0,0,0,0,0,0,0,0,0,58,0,0,0,0,0,0,0,0,0,0
14-Jul-18,2018,5,2,3,A,0,0,0,0,0,0,0,0,0,0,0,109,0,0,0,0,0,0,0,0,0,2
14-Jul-18,2018,5,2,3,B,0,0,0,0,0,0,0,0,0,0,0,43,0,0,0,0,0,0,0,0,0,0
14-Jul-18,2018,5,2,3,C,7,0,0,0,0,0,0,0,0,0,0,78,0,0,0,0,0,0,0,0,0,0
14-Jul-18,2018,5,2,3,D,0,0,0,0,0,0,0,0,0,0,0,53,0,0,0,0,0,0,0,0,0,5
14-Jul-18,2018,5,2,4,A,0,0,1,0,0,0,0,0,0,0,0,106,0,0,0,0,0,0,0,0,0,4
14-Jul-18,2018,5,2,4,B,0,0,0,0,0,0,0,0,0,0,0,50,0,0,0,0,0,0,0,0,0,1
14-Jul-18,2018,5,2,4,C,0,0,0,0,0,0,0,0,0,0,0,81,0,0,0,0,0,0,0,0,0,1
14-Jul-18,2018,5,2,4,D,0,0,0,0,0,0,0,0,0,0,0,68,0,0,0,0,0,0,0,0,0,1
14-Jul-18,2018,5,2,5,A,0,0,0,0,1,0,0,0,0,0,0,90,0,0,0,0,0,0,0,0,0,0
14-Jul-18,2018,5,2,5,B,2,0,0,0,6,0,0,0,0,0,0,34,0,0,0,0,0,0,0,0,0,0
14-Jul-18,2018,5,2,5,C,3,0,0,0,0,0,0,0,0,0,0,109,0,0,0,0,0,0,0,0,0,0
14-Jul-18,2018,5,2,5,D,1,0,0,0,0,0,0,0,0,0,0,68,0,0,0,0,0,0,0,0,0,0
14-Jul-18,2018,5,2,6,A,1,0,0,0,0,0,0,0,0,0,0,49,0,0,0,0,0,0,0,0,0,0
14-Jul-18,2018,5,2,6,B,12,0,0,0,0,0,0,0,0,0,0,50,0,0,0,0,0,0,0,0,0,0
14-Jul-18,2018,5,2,6,C,3,0,0,0,12,0,0,0,0,0,0,203,0,0,0,0,0,0,0,0,0,0
14-Jul-18,2018,5,2,6,D,4,0,0,0,0,0,0,0,0,0,0,30,0,0,0,0,0,0,0,0,0,0
16-Jul-18,2018,5,2,7,A,21,0,0,0,0,0,0,0,0,0,0,108,0,0,0,0,0,0,0,0,0,0
16-Jul-18,2018,5,2,7,B,15,0,0,0,0,0,0,0,0,0,0,7,0,0,0,0,0,0,0,0,0,0
16-Jul-18,2018,5,2,7,C,18,0,0,0,0,0,0,0,0,0,0,38,0,0,0,0,0,0,0,0,0,0
16-Jul-18,2018,5,2,7,D,9,0,0,0,0,0,0,0,0,0,0,33,0,0,0,0,0,0,0,0,0,0
16-Jul-18,2018,5,2,8,A,8,0,0,0,0,0,0,0,0,0,0,41,0,0,0,0,0,0,0,0,0,0
16-Jul-18,2018,5,2,8,B,4,0,0,0,0,0,0,0,0,0,0,31,0,0,0,0,0,0,0,0,0,0
16-Jul-18,2018,5,2,8,C,10,0,0,0,0,0,0,0,0,0,0,39,0,0,0,0,0,0,0,0,0,0
16-Jul-18,2018,5,2,8,D,12,0,0,0,0,0,0,0,0,0,0,7,0,0,0,0,0,0,0,0,0,0
16-Jul-18,2018,5,2,9,A,0,0,0,0,0,0,0,0,0,0,0,54,0,0,0,0,0,0,0,0,0,0
16-Jul-18,2018,5,2,9,B,5,0,0,0,0,0,0,0,0,0,0,12,0,0,0,0,0,0,0,0,0,0
16-Jul-18,2018,5,2,9,C,0,0,0,0,0,0,0,0,0,0,0,23,0,0,0,0,0,0,0,0,0,0
16-Jul-18,2018,5,2,9,D,1,0,0,0,0,0,0,0,0,0,0,16,0,0,0,0,1,0,0,0,0,0
24-Jul-18,2018,5,2,10,A,1,0,0,0,1,0,0,0,0,0,0,10,0,0,0,0,0,0,0,0,0,1
24-Jul-18,2018,5,2,10,B,0,0,0,0,0,0,0,0,0,0,0,20,0,0,0,0,0,0,0,0,0,0
24-Jul-18,2018,5,2,10,C,0,1,0,0,0,0,0,0,0,0,0,8,0,0,0,0,0,0,0,0,0,0
24-Jul-18,2018,5,2,10,D,0,0,0,0,0,0,0,0,0,0,0,NA,0,0,0,0,0,0,0,0,0,0
13-Jul-18,2018,5,2,11,A,0,0,0,0,0,0,0,0,0,0,0,7,0,0,0,0,0,1,0,0,0,1
13-Jul-18,2018,5,2,11,B,0,0,0,0,0,0,0,0,0,0,0,9,0,0,1,0,0,0,0,0,0,0
13-Jul-18,2018,5,2,11,C,0,0,0,0,1,0,0,0,0,0,0,39,0,0,0,0,0,0,0,0,0,1
13-Jul-18,2018,5,2,11,D,0,0,0,0,0,0,0,0,0,0,0,4,0,0,0,0,0,0,0,0,0,0
13-Jul-18,2018,5,2,12,A,1,0,0,0,36,0,0,0,0,0,0,87,0,0,0,0,0,0,0,0,0,0
13-Jul-18,2018,5,2,12,B,2,0,0,0,27,0,0,0,0,0,0,27,0,0,0,0,2,0,0,0,0,0
13-Jul-18,2018,5,2,12,C,2,0,0,0,34,0,0,0,0,0,0,58,0,0,0,0,2,0,0,0,0,0
13-Jul-18,2018,5,2,12,D,1,0,0,0,5,0,0,0,0,0,0,21,0,0,0,0,0,0,0,0,0,0
13-Jul-18,2018,5,2,13,A,1,0,0,0,0,0,0,0,0,0,0,29,0,0,0,0,0,0,0,0,0,0
13-Jul-18,2018,5,2,13,B,1,0,0,0,0,0,0,0,0,0,0,14,0,0,0,0,6,0,0,0,0,0
13-Jul-18,2018,5,2,13,C,3,0,0,0,0,0,0,0,0,0,0,120,0,0,0,0,3,0,0,0,0,0
13-Jul-18,2018,5,2,13,D,2,0,0,0,0,0,0,0,0,0,0,38,0,0,0,0,0,0,0,0,0,0
24-Jul-18,2018,5,2,14,A,4,1,0,0,7,0,0,0,0,0,0,15,0,0,0,0,0,0,0,0,0,0
24-Jul-18,2018,5,2,14,B,1,0,0,0,16,0,0,0,0,0,0,0,0,0,0,0,0,0,0,0,0,0
24-Jul-18,2018,5,2,14,C,0,0,4,0,3,0,0,0,0,0,0,13,0,0,0,0,0,0,0,0,0,0
24-Jul-18,2018,5,2,14,D,0,0,0,0,0,0,0,0,0,0,0,4,0,0,0,0,0,0,0,0,0,0
24-Jul-18,2018,5,2,15,A,3,0,0,0,7,0,0,0,0,0,0,7,0,0,0,0,0,0,0,0,0,0
24-Jul-18,2018,5,2,15,B,0,0,0,0,6,0,0,0,0,0,0,7,0,0,0,0,0,0,0,0,0,0
24-Jul-18,2018,5,2,15,C,0,0,0,0,41,0,0,0,0,0,0,20,0,0,0,0,0,0,0,0,0,0
24-Jul-18,2018,5,2,15,D,0,0,0,0,13,0,0,0,0,0,0,0,0,0,0,0,0,0,0,0,0,0
24-Jul-18,2018,5,2,16,A,5,0,3,0,18,0,0,0,0,0,0,0,0,0,0,0,0,0,0,0,0,0
24-Jul-18,2018,5,2,16,B,0,0,3,0,12,0,0,0,0,0,0,3,0,0,0,0,0,0,0,0,0,0
24-Jul-18,2018,5,2,16,C,2,0,3,0,14,0,0,0,0,0,0,7,0,0,0,0,0,0,0,0,0,0
24-Jul-18,2018,5,2,16,D,0,0,0,0,13,0,0,0,0,0,0,0,0,0,0,0,0,0,0,0,0,0
15-Jul-18,2018,5,2,18,A,8,0,0,0,0,0,0,0,0,14,0,18,0,0,0,0,0,0,0,0,0,4
15-Jul-18,2018,5,2,18,B,3,0,0,0,0,0,0,0,0,0,0,22,0,0,0,0,0,1,0,0,0,4
15-Jul-18,2018,5,2,18,C,8,0,0,0,0,0,0,0,0,0,0,51,0,0,0,0,0,0,0,0,0,4
15-Jul-18,2018,5,2,18,D,6,0,0,0,0,0,0,0,0,0,0,10,0,0,0,0,0,0,0,0,0,0
16-Jul-18,2018,5,2,19,A,24,0,0,0,0,0,0,0,0,0,0,96,0,0,0,0,0,0,0,0,0,0
16-Jul-18,2018,5,2,19,B,2,0,0,0,0,0,0,0,0,0,0,17,0,0,0,0,0,0,0,0,0,0
16-Jul-18,2018,5,2,19,C,20,0,0,0,1,0,0,0,0,0,0,15,0,0,0,0,0,0,0,0,0,3
16-Jul-18,2018,5,2,19,D,1,0,0,0,2,0,0,0,0,0,0,16,0,0,0,0,0,0,0,0,0,0
16-Jul-18,2018,5,2,20,A,0,0,0,0,2,0,0,0,0,0,0,146,0,0,0,0,0,0,0,0,0,0
16-Jul-18,2018,5,2,20,B,1,0,0,0,4,0,0,0,0,0,0,54,0,0,0,0,0,0,0,0,0,0
16-Jul-18,2018,5,2,20,C,6,0,0,0,5,0,0,0,0,0,0,131,0,0,0,0,0,0,0,0,0,0
16-Jul-18,2018,5,2,20,D,1,0,0,0,0,0,0,0,0,0,0,47,0,0,0,0,0,0,0,0,0,0
16-Jul-18,2018,5,2,21,A,23,0,0,0,0,0,0,0,0,21,0,23,0,0,0,0,0,0,0,0,0,0
16-Jul-18,2018,5,2,21,B,2,0,0,0,0,0,0,0,0,0,0,62,0,0,0,0,0,0,0,0,0,0
16-Jul-18,2018,5,2,21,C,9,0,0,0,0,0,0,0,0,0,0,84,0,0,0,0,0,0,0,0,0,0
16-Jul-18,2018,5,2,21,D,1,0,0,0,0,0,0,0,0,0,0,53,0,0,0,0,0,0,0,0,0,0
15-Jul-18,2018,5,2,22,A,2,0,0,0,0,0,0,0,0,0,0,20,0,0,0,0,0,0,0,0,0,2
15-Jul-18,2018,5,2,22,B,0,0,0,0,0,0,4,0,0,0,0,10,0,0,0,0,0,0,0,0,0,0
15-Jul-18,2018,5,2,22,C,0,0,0,0,0,0,0,0,0,0,0,14,0,0,0,0,0,0,0,0,0,0
15-Jul-18,2018,5,2,22,D,1,0,0,0,0,0,0,0,0,0,0,16,0,0,0,0,0,0,0,0,0,0
15-Jul-18,2018,5,2,23,A,2,0,0,0,0,0,0,0,0,0,0,50,0,0,0,0,0,0,0,0,0,0
15-Jul-18,2018,5,2,23,B,1,0,0,0,18,0,0,0,0,0,0,13,0,0,0,0,0,0,0,0,0,0
15-Jul-18,2018,5,2,23,C,0,0,0,0,0,0,0,0,0,0,0,25,0,0,0,0,0,0,0,0,0,0
15-Jul-18,2018,5,2,23,D,1,0,0,0,33,0,0,0,0,0,0,48,0,0,0,0,0,0,0,0,0,0
15-Jul-18,2018,5,2,24,A,2,0,0,0,0,0,0,0,0,0,0,21,0,0,0,0,0,0,0,0,0,0
15-Jul-18,2018,5,2,24,B,2,0,0,0,4,0,0,0,0,11,0,3,0,0,0,0,0,0,0,0,0,0
15-Jul-18,2018,5,2,24,C,7,0,0,0,0,0,0,0,0,0,0,33,0,0,0,0,0,0,0,0,0,0
15-Jul-18,2018,5,2,24,D,8,0,0,0,2,0,0,0,0,9,0,12,0,0,0,0,0,0,0,0,0,1
16-Jul-18,2018,5,2,25,A,1,0,0,0,0,0,0,0,0,0,0,99,0,0,0,0,0,0,0,0,0,0
16-Jul-18,2018,5,2,25,B,0,0,0,0,0,0,0,0,0,0,0,29,0,0,0,0,0,0,0,0,0,0
16-Jul-18,2018,5,2,25,C,5,0,0,0,1,0,0,0,0,0,0,47,0,0,0,0,0,0,0,0,0,0
16-Jul-18,2018,5,2,25,D,3,0,0,0,0,0,0,0,0,0,0,28,0,0,0,0,0,0,0,0,0,0
10-Aug-18,2018,6,3,1,A,4,0,0,0,0,0,0,1,0,0,0,0,0,0,0,0,0,0,0,0,0,0
10-Aug-18,2018,6,3,1,B,0,0,0,0,0,0,0,0,0,0,0,0,0,0,0,0,0,0,0,0,0,0
10-Aug-18,2018,6,3,1,C,0,0,55,0,0,0,0,1,0,0,0,0,0,0,0,0,0,0,0,0,0,0
10-Aug-18,2018,6,3,1,D,3,0,30,0,1,0,0,6,0,0,0,0,0,0,0,0,0,0,0,0,0,0
10-Aug-18,2018,6,3,2,A,4,0,49,0,0,0,0,1,0,0,0,0,0,0,0,0,0,0,0,0,0,0
10-Aug-18,2018,6,3,2,B,0,0,42,0,0,0,0,0,0,0,0,0,0,0,0,0,0,0,0,0,0,0
10-Aug-18,2018,6,3,2,C,3,0,NA,0,0,0,0,0,0,0,0,0,0,0,0,0,0,0,0,0,0,0
10-Aug-18,2018,6,3,2,D,2,0,52,0,0,0,0,0,0,0,0,0,0,0,0,0,0,0,0,0,0,0
8-Aug-18,2018,6,3,3,A,0,0,5,0,0,0,0,0,0,0,0,0,0,0,0,0,0,0,0,0,0,0
8-Aug-18,2018,6,3,3,B,0,0,13,0,0,0,0,0,0,0,0,0,0,0,0,0,0,0,0,0,0,0
8-Aug-18,2018,6,3,3,C,5,0,7,0,0,0,0,0,0,0,0,0,0,0,0,0,0,0,0,0,0,0
8-Aug-18,2018,6,3,3,D,0,0,32,0,0,0,0,1,0,0,0,0,0,0,0,0,0,0,0,0,0,0
8-Aug-18,2018,6,3,4,A,0,0,20,0,0,0,0,0,0,0,0,0,0,0,0,0,0,0,0,0,0,0
8-Aug-18,2018,6,3,4,B,0,0,38,0,0,0,0,0,0,0,0,0,0,0,0,0,0,0,0,0,0,0
8-Aug-18,2018,6,3,4,C,0,0,39,0,0,0,0,2,0,0,0,0,0,0,0,0,0,0,0,0,0,0
8-Aug-18,2018,6,3,4,D,0,0,31,0,0,0,0,0,0,0,0,0,0,0,0,0,0,0,0,0,0,0
8-Aug-18,2018,6,3,5,A,4,0,0,0,0,0,0,0,0,0,0,0,0,0,0,0,0,0,0,0,0,0
8-Aug-18,2018,6,3,5,B,2,0,0,0,0,0,0,0,0,0,0,0,0,0,0,0,0,0,0,0,0,0
8-Aug-18,2018,6,3,5,C,5,0,0,0,0,0,0,0,0,0,0,0,0,0,0,0,0,0,0,0,0,0
8-Aug-18,2018,6,3,5,D,2,0,0,0,0,0,0,0,0,0,0,0,0,0,0,0,0,0,0,0,0,0
10-Aug-18,2018,6,3,6,A,0,0,0,0,0,0,0,0,0,0,0,0,0,0,0,0,0,0,0,0,0,0
10-Aug-18,2018,6,3,6,B,12,0,1,0,0,0,0,0,0,0,0,0,0,0,0,0,0,0,0,0,0,0
10-Aug-18,2018,6,3,6,C,2,0,1,0,3,0,0,0,0,0,0,0,0,0,0,0,0,0,0,0,0,0
10-Aug-18,2018,6,3,6,D,0,0,7,0,0,0,0,0,0,0,0,0,0,0,0,0,0,0,0,0,0,0
10-Aug-18,2018,6,3,7,A,25,0,6,0,0,0,0,0,0,0,0,0,0,0,0,0,0,0,0,0,0,0
10-Aug-18,2018,6,3,7,B,15,0,6,0,0,0,0,0,0,0,0,0,0,0,0,0,0,0,0,0,0,0
10-Aug-18,2018,6,3,7,C,22,0,8,0,0,0,0,0,0,0,0,0,0,0,0,0,0,0,0,0,0,0
10-Aug-18,2018,6,3,7,D,10,0,4,0,0,0,0,0,0,0,0,0,0,0,0,0,0,0,0,0,0,0
13-Aug-18,2018,6,3,8,A,9,0,16,0,0,0,0,0,0,0,0,0,0,0,0,0,0,0,0,0,0,0
13-Aug-18,2018,6,3,8,B,4,4,3,0,0,0,0,0,0,0,0,0,0,0,0,0,0,0,0,0,0,0
13-Aug-18,2018,6,3,8,C,9,0,15,0,0,0,0,0,0,0,0,0,0,0,0,0,0,0,0,0,0,0
13-Aug-18,2018,6,3,8,D,8,0,1,0,0,0,0,0,0,0,0,0,0,0,0,0,0,0,0,0,0,0
13-Aug-18,2018,6,3,9,A,0,0,14,0,0,0,0,0,0,0,0,0,0,0,0,0,0,0,0,0,0,0
13-Aug-18,2018,6,3,9,B,7,0,3,0,0,0,0,2,0,0,0,0,0,0,0,0,0,0,0,0,0,0
13-Aug-18,2018,6,3,9,C,0,0,27,0,0,0,0,10,0,0,0,0,0,0,0,0,0,0,0,0,0,0
13-Aug-18,2018,6,3,9,D,1,0,9,0,0,0,0,0,0,0,0,0,0,0,0,0,0,0,0,0,0,0
10-Aug-18,2018,6,3,10,A,1,0,0,0,0,0,0,0,0,0,0,0,0,0,0,0,0,0,0,0,0,0
10-Aug-18,2018,6,3,10,B,0,0,0,0,0,0,0,0,0,0,0,0,0,0,0,0,0,0,0,0,0,0
10-Aug-18,2018,6,3,10,C,0,0,8,0,0,0,0,0,0,0,0,0,0,0,0,0,0,0,0,0,0,0
10-Aug-18,2018,6,3,10,D,0,0,0,0,0,0,0,0,0,0,0,0,0,0,0,0,0,0,0,0,0,0
10-Aug-18,2018,6,3,11,A,0,0,1,0,0,0,0,0,0,0,0,0,0,0,0,0,0,0,0,0,0,0
10-Aug-18,2018,6,3,11,B,0,0,5,0,0,0,0,0,0,0,0,0,0,0,0,0,0,0,0,0,0,0
10-Aug-18,2018,6,3,11,C,0,0,0,0,0,0,0,0,0,0,0,0,0,0,0,0,0,0,0,0,0,0
10-Aug-18,2018,6,3,11,D,0,0,0,0,0,0,0,0,0,0,0,0,0,0,0,0,0,0,0,0,0,0
7-Aug-18,2018,6,3,12,A,1,0,5,0,14,0,0,2,0,0,0,0,0,0,0,0,0,0,0,0,0,0
7-Aug-18,2018,6,3,12,B,5,0,0,0,0,0,0,1,0,0,0,0,0,0,0,0,0,0,0,0,0,0
7-Aug-18,2018,6,3,12,C,4,0,0,0,7,0,0,0,0,0,0,0,0,0,0,0,0,0,0,0,0,0
7-Aug-18,2018,6,3,12,D,1,0,0,0,0,0,0,0,0,0,0,0,0,0,0,0,0,0,0,0,0,0
7-Aug-18,2018,6,3,13,A,1,0,0,0,0,0,0,0,0,0,0,0,0,0,0,0,0,0,0,0,0,0
7-Aug-18,2018,6,3,13,B,1,0,0,0,0,0,0,0,0,0,0,0,0,0,0,0,0,0,0,0,0,0
7-Aug-18,2018,6,3,13,C,5,0,0,0,0,0,0,0,0,0,0,0,0,0,0,0,0,0,0,0,0,0
7-Aug-18,2018,6,3,13,D,3,0,0,0,0,0,0,2,0,0,0,0,0,0,0,0,0,0,0,0,0,0
7-Aug-18,2018,6,3,14,A,4,0,11,0,5,0,0,0,0,0,0,0,0,0,0,0,0,0,0,0,0,0
7-Aug-18,2018,6,3,14,B,0,0,14,0,5,0,0,0,0,0,0,0,0,0,0,0,0,0,0,0,0,0
7-Aug-18,2018,6,3,14,C,0,0,12,0,1,0,0,0,0,0,0,0,0,0,0,0,0,0,0,0,0,0
7-Aug-18,2018,6,3,14,D,0,0,14,0,0,0,0,2,0,0,0,0,0,0,0,0,0,0,0,0,0,0
7-Aug-18,2018,6,3,15,A,3,0,4,0,1,0,0,1,0,0,0,0,0,0,0,0,0,0,0,0,0,0
7-Aug-18,2018,6,3,15,B,0,0,8,0,7,0,0,3,0,0,0,0,0,0,0,0,0,0,0,0,0,0
7-Aug-18,2018,6,3,15,C,0,0,2,0,8,0,0,2,0,0,0,0,0,0,0,0,0,0,0,0,0,0
7-Aug-18,2018,6,3,15,D,0,0,8,0,2,0,0,0,0,0,0,0,0,0,0,0,0,0,0,0,0,0
7-Aug-18,2018,6,3,16,A,5,0,111,0,5,0,0,1,0,0,0,0,0,0,0,0,0,0,0,0,0,0
7-Aug-18,2018,6,3,16,B,0,0,23,0,0,0,0,5,0,0,0,0,0,0,0,0,0,0,0,0,0,0
7-Aug-18,2018,6,3,16,C,2,0,65,0,6,0,0,2,0,0,0,0,0,0,0,0,0,0,0,0,0,0
7-Aug-18,2018,6,3,16,D,0,0,22,0,5,0,0,9,0,0,0,0,0,0,0,0,0,0,0,0,0,0
6-Aug-18,2018,6,3,17,A,4,0,7,0,0,0,0,0,0,0,0,0,0,0,0,0,0,0,0,0,0,0
6-Aug-18,2018,6,3,17,B,0,0,2,0,0,0,0,0,0,0,0,0,0,0,0,0,0,0,0,0,0,0
6-Aug-18,2018,6,3,17,C,0,2,1,0,0,0,0,0,0,0,0,0,0,0,0,0,0,0,0,0,0,0
6-Aug-18,2018,6,3,17,D,0,0,0,0,0,0,0,0,0,0,0,0,0,0,0,0,0,0,0,0,0,0
6-Aug-18,2018,6,3,18,A,8,0,5,0,0,0,0,0,0,6,0,0,0,0,0,0,0,0,0,0,0,1
6-Aug-18,2018,6,3,18,B,0,0,2,0,0,0,0,0,0,0,0,0,0,0,0,0,0,0,0,0,0,0
6-Aug-18,2018,6,3,18,C,0,2,1,0,0,0,0,0,0,0,0,0,0,0,0,0,0,0,0,0,0,0
6-Aug-18,2018,6,3,18,D,8,0,2,0,0,0,0,0,0,0,0,0,0,0,0,0,0,0,0,0,0,0
8-Aug-18,2018,6,3,19,A,28,0,27,0,0,0,0,0,0,0,0,0,0,0,0,0,0,0,0,0,0,0
8-Aug-18,2018,6,3,19,B,4,0,11,0,0,0,0,0,0,0,0,0,0,0,0,0,0,0,0,0,0,0
8-Aug-18,2018,6,3,19,C,24,0,8,0,1,0,0,0,0,0,0,0,0,0,0,0,0,0,0,0,0,0
8-Aug-18,2018,6,3,19,D,1,0,7,0,1,0,0,0,0,0,0,0,0,0,0,0,0,0,0,0,0,0
7-Aug-18,2018,6,3,20,A,0,0,27,0,0,0,0,0,0,0,0,0,0,0,0,0,0,0,0,0,0,0
7-Aug-18,2018,6,3,20,B,1,0,18,0,2,0,0,0,0,0,0,0,0,0,0,0,0,0,0,0,0,0
7-Aug-18,2018,6,3,20,C,6,0,8,0,1,0,0,1,0,0,0,0,0,0,0,0,0,0,0,0,0,0
7-Aug-18,2018,6,3,20,D,1,0,23,0,0,0,0,0,0,0,0,0,0,0,0,0,0,0,0,0,0,0
7-Aug-18,2018,6,3,21,A,21,0,6,0,0,0,0,1,0,2,0,0,0,0,0,0,0,0,0,0,0,0
7-Aug-18,2018,6,3,21,B,1,0,1,0,0,0,0,0,0,0,0,0,0,0,0,0,0,0,0,0,0,0
7-Aug-18,2018,6,3,21,C,9,0,0,0,0,0,0,0,0,0,0,0,0,0,0,0,0,0,0,0,0,0
7-Aug-18,2018,6,3,21,D,1,0,1,0,0,0,0,3,0,0,0,0,0,0,0,0,0,0,0,0,0,0
7-Aug-18,2018,6,3,22,A,2,0,0,0,0,0,0,0,0,0,0,0,0,0,0,0,0,0,0,0,0,0
7-Aug-18,2018,6,3,22,B,0,0,4,0,0,0,0,0,0,0,0,0,0,0,0,0,0,0,0,0,0,0
7-Aug-18,2018,6,3,22,C,0,0,3,0,0,0,0,0,0,0,0,0,0,0,0,0,0,0,0,0,0,0
7-Aug-18,2018,6,3,22,D,1,0,1,0,0,0,0,1,0,0,0,0,0,0,0,0,0,0,0,0,0,0
8-Aug-18,2018,6,3,23,A,NA,0,NA,0,0,0,0,0,0,0,0,0,0,0,0,0,0,0,0,0,0,0
8-Aug-18,2018,6,3,23,B,0,0,103,0,2,0,0,3,0,0,0,0,0,0,0,0,0,0,0,0,0,0
8-Aug-18,2018,6,3,23,C,0,1,31,0,0,0,0,0,0,0,0,0,0,0,0,0,0,0,0,0,0,0
8-Aug-18,2018,6,3,23,D,0,0,16,0,3,0,0,0,0,0,0,0,0,0,0,0,0,0,0,0,0,0
8-Aug-18,2018,6,3,24,A,2,2,0,0,0,0,0,0,0,0,0,0,0,0,0,0,0,0,0,0,0,0
8-Aug-18,2018,6,3,24,B,3,0,0,0,0,0,0,0,0,0,0,0,0,0,0,0,0,0,0,0,0,0
8-Aug-18,2018,6,3,24,C,7,2,6,0,0,0,0,0,0,0,0,0,0,0,0,0,0,0,0,0,0,0
8-Aug-18,2018,6,3,24,D,8,0,1,0,1,0,0,0,0,0,0,0,0,0,0,0,0,0,0,0,0,0
8-Aug-18,2018,6,3,25,A,1,0,1,0,0,0,0,0,0,0,0,0,0,0,0,0,0,0,0,0,0,0
8-Aug-18,2018,6,3,25,B,0,0,5,0,1,0,0,0,0,0,0,0,0,0,0,0,0,0,0,0,0,0
8-Aug-18,2018,6,3,25,C,6,0,25,0,0,0,0,0,0,0,0,0,0,0,0,0,0,0,0,0,0,0
8-Aug-18,2018,6,3,25,D,3,0,5,0,0,0,0,0,0,0,0,0,0,0,0,0,0,0,0,0,0,0